ID,NLC,ASC,Station,Mode,Line,Dir,Platform,Total,Early     ,AM Peak   ,Midday    ,PM Peak   ,Evening   ,Late      ,0500-0515,0515-0530,0530-0545,0545-0600,0600-0615,0615-0630,0630-0645,0645-0700,0700-0715,0715-0730,0730-0745,0745-0800,0800-0815,0815-0830,0830-0845,0845-0900,0900-0915,0915-0930,0930-0945,0945-1000,1000-1015,1015-1030,1030-1045,1045-1100,1100-1115,1115-1130,1130-1145,1145-1200,1200-1215,1215-1230,1230-1245,1245-1300,1300-1315,1315-1330,1330-1345,1345-1400,1400-1415,1415-1430,1430-1445,1445-1500,1500-1515,1515-1530,1530-1545,1545-1600,1600-1615,1615-1630,1630-1645,1645-1700,1700-1715,1715-1730,1730-1745,1745-1800,1800-1815,1815-1830,1830-1845,1845-1900,1900-1915,1915-1930,1930-1945,1945-2000,2000-2015,2015-2030,2030-2045,2045-2100,2100-2115,2115-2130,2130-2145,2145-2200,2200-2215,2215-2230,2230-2245,2245-2300,2300-2315,2315-2330,2330-2345,2345-0000,0000-0015,0015-0030,0030-0045,0045-0100,0100-0115,0115-0130,0130-0145,0145-0200,0200-0215,0215-0230,0230-0245,0245-0300,0300-0315,0315-0330,0330-0345,0345-0400,0400-0415,0415-0430,0430-0445,0445-0500
30122,511,BSTu,Baker Street,LU,JUB,NB,Jubilee // NB,19209.54495220001,599.1485910000001,3607.16485,6194.781311999999,4787.332197999999,2090.8088596,1930.3091416,6.671524799999999,16.4017528,27.84488940000001,46.66199540000001,78.52795340000002,111.5140486,138.2748726,173.251554,200.449264,221.27395,244.297916,272.744138,319.19648,348.83911,367.780086,367.507912,361.0357740000001,322.184384,301.731974,280.123862,266.894358,260.102574,252.156544,240.631346,238.060978,234.578452,231.553476,234.382026,241.885052,249.799868,259.18287,263.54531,268.433946,264.460896,256.305294,246.764784,244.711036,241.471766,251.0581,253.867606,279.403232,283.567324,299.417524,332.5469500000001,356.64165,381.994482,402.2659860000001,426.7645400000001,415.2563260000001,431.279018,419.81246,431.742156,419.943236,403.793656,368.922184,328.9165040000001,286.657212,243.658528,215.7836,194.110546,182.041498,164.672632,153.80235,142.813946,134.276612,124.7453232,122.1998882,126.0467242,133.9457762,146.7344362,166.749709,182.057188,190.657572,194.887758,183.138838,163.77697,137.01182,105.6014488,73.95367560000003,53.81572060000001,32.1591282,22.5322756,18.3675848,16.95499460000001,12.7975546,14.7405378,10.6762944,8.570612400000002,7.7247766,9.587314200000002,6.37152568,8.73601768,9.72284528,9.148360280000002,5.48408568,4.404321400000001
30123,511,BSTu,Baker Street,LU,JUB,SB,Jubilee // SB,11272.33703049301,387.6691027000001,2995.024042,4131.721174000001,2257.647302,1071.711918,428.563491793,5.2552494,7.355976100000001,12.0610267,32.7247077,46.04791390000001,69.2242123,90.1956336,124.804383,137.031058,177.680456,208.74091,259.266322,278.316242,320.615956,305.56919,305.7849,278.61049,269.18483,232.878222,221.345466,204.69376,191.077138,173.013052,170.387916,178.541434,175.72341,176.422574,180.841822,180.739486,176.33723,171.90001,173.522834,173.262348,168.47841,161.391478,161.827624,160.48069,157.029864,158.81723,168.6396700000001,169.393326,165.185038,166.235568,167.779262,165.735954,170.853252,180.343562,188.889366,196.675466,199.155118,206.304012,202.20909,201.611446,192.088628,189.25604,164.525368,154.7099652,132.9046972,118.5020672,99.57188000000002,92.59526800000002,81.42658200000002,75.53589500000002,69.039229,64.1103906,62.81778660000001,60.65306640000001,59.84509080000001,59.2683748,58.1584994,52.20373660000001,47.4664896,43.0220392,38.308972,30.923218,27.4778168,21.43922928000001,14.56096202,8.27442682,6.08084756,3.444642640000001,2.6175418,2.17582838,1.782537964,1.763815484,1.250782664,1.033845024,0.721606704,0.80509236,0.4641065720000001,0.472887172,0.4777123866,0.6350812266,1.3530530466,1.3192055746,1.0611407146
360122,787,BERu,Bermondsey,LU,JUB,NB,Jubilee // NB,4436.822664487299,309.75508794,1264.074908,975.966263,947.4744790000001,563.4835082,376.0684183473001,1.33704716,7.321877560000001,17.34956456,27.98040856,40.94809470000001,58.8455684,72.11685800000002,83.85566899999999,96.157655,109.761821,118.183832,136.143684,142.695182,143.464974,131.753696,118.1957688,92.10547079999999,72.34357080000002,55.96462580000001,47.3046278,39.2143426,33.8735766,30.42361260000001,28.8997846,28.9706492,30.0028316,30.607942,31.4440918,32.76451280000001,33.7002146,34.5869886,35.46936940000001,38.1224588,39.26603680000001,40.11183040000001,40.7721858,42.6785814,45.0232682,48.32024420000001,51.89928020000001,54.43677080000001,58.53246200000001,61.14953300000001,65.69569500000001,66.53160500000001,71.628403,72.91524700000002,77.9706852,78.5741532,85.0783332,84.5182692,87.47267520000003,85.19442599999998,84.57659799999998,78.44881000000002,74.565274,68.52408100000001,61.967074,54.9524716,50.78723960000001,47.719224,44.50481439999999,42.4659034,40.8623358,39.24511079999999,38.64452120000001,37.17392720000001,36.6368052,35.54418120000001,35.75607539999999,36.06020580000001,37.67251200000001,37.18167,36.923213,32.3069168,27.4898294,21.0046086,15.32135166,9.92409618,7.214790720000001,4.82133972,3.39412208,3.654274220000001,3.25683198,3.9158807,3.64740444,3.15799728,2.28178874,2.90347986,2.1821141,2.16276348,2.43740504,2.41666698,1.4672066291,1.3037581291,0.6659342091
360123,787,BERu,Bermondsey,LU,JUB,SB,Jubilee // SB,7044.328966664,152.1971256,939.8769896000001,1538.0748888,1917.5688036,1319.032883,1177.578276064,0.4459727200000001,1.26216012,5.131085520000001,10.62093112,17.04777712000001,28.2882156,39.08465940000001,50.31632400000001,63.18117240000001,73.90737440000001,80.50292519999998,87.88074500000002,95.0738638,96.35619580000002,96.02174680000002,88.2132162,81.1637366,68.56799579999999,58.78681180000001,50.22120580000001,48.96797700000001,46.56661440000001,44.2774034,41.81345440000001,42.71614740000001,42.5525008,43.0732626,45.024159,48.4433554,50.31736979999999,52.39147639999999,53.7419178,56.9938496,60.12757220000001,62.824265,65.1708244,68.59570040000001,72.47586319999999,76.49002920000002,84.25294600000002,95.016106,104.36371,111.8578812,120.0205032,130.8551832,135.9989212,141.0304211999999,152.345198,161.626492,166.425186,169.887892,176.804338,174.939942,176.43695,167.496358,163.721922,154.11696,145.31555,129.62459,120.734212,110.96183,102.8975688,96.31240680000002,92.79378880000002,92.2287688,89.9459848,90.492972,93.608251,100.627651,104.2505802,106.3807562,105.3598462,99.81763720000002,95.1308892,83.17765,74.52554400000002,66.3447808,58.3684076,41.8618314,36.12551600000001,31.045047,23.1257885,19.7590631,18.0706161,17.5854621,15.7142551,13.8261848,9.546485400000002,10.2244366,7.860287,6.946777,7.863929,9.339125,6.983789187999999,5.173024188,2.542916188
30722,524,BDSu,Bond Street,LU,JUB,NB,Jubilee // NB,28795.63170540801,995.822404,5816.832222,9925.354708,6825.384294,3234.292308,1997.945769408,12.920508,24.27122,40.50258000000001,66.60537000000001,118.605022,180.508208,239.178688,313.230808,377.598354,438.360002,457.273588,510.420716,542.213716,578.519612,552.147778,554.04121,511.591646,471.603514,418.511156,404.55093,384.048874,375.300912,358.604884,359.39927,362.0693759999999,364.76547,374.859568,396.486816,407.452464,419.907708,424.432622,422.5174500000001,426.746698,422.5740860000001,415.34211,415.38049,420.4975,414.1068320000001,426.5648160000001,433.0289760000001,452.676186,469.4386920000001,474.8136440000001,504.3392640000001,528.44979,553.446446,557.97387,631.1290700000001,609.7863040000002,631.914044,600.1120780000001,613.965658,552.3832719999999,556.304878,504.153464,485.76542,442.337456,402.586942,351.6895980000001,322.761968,291.542298,255.26648,228.66589,212.967944,195.459188,181.515154,173.617064,175.882326,180.609018,189.914142,210.48774,220.347842,211.3267940000001,191.251132,168.210822,131.74653,98.264984,78.34449860000002,59.6154632,40.640831,31.0214336,24.9135402,21.5450696,18.017135,18.47043660000001,13.35598296,10.27695236,4.86688436,9.72650236,9.81329616,11.3769384,12.670522,14.421863,7.953914536,5.686397336000002,3.069104136
30723,524,BDSu,Bond Street,LU,JUB,SB,Jubilee // SB,18104.01551688,751.35888584,4964.525566,6051.464998000001,3925.159754,1622.3024264,789.2038866400001,3.34734276,11.83031076,23.64954476,43.60719876,87.76850680000003,144.776012,194.621504,241.758466,307.8125,335.02135,374.165936,407.0168560000001,451.14574,453.9088820000001,475.778702,457.1207020000001,463.197536,438.775804,412.439654,388.141904,367.333736,322.6830620000001,286.552754,270.148104,251.509676,241.48808,234.70128,239.3219,243.27655,242.770992,239.302616,238.519072,239.103144,231.210924,223.100908,219.13954,220.619484,217.407052,218.623832,232.01152,243.112696,261.585076,277.6838,290.2592,298.446564,308.323684,298.619884,316.6117480000001,328.473474,348.547498,348.983042,374.753022,357.65229,348.18666,307.907896,288.653992,248.006276,215.451758,183.764782,164.530932,142.019304,119.944524,108.1269448,97.71229680000002,88.79051280000002,84.4901868,84.357962,85.10694720000001,86.8202512,90.9438492,97.4933172,94.5858,88.40462099999999,75.3207072,61.85729979999999,42.63592780000001,30.8669534,20.48385014,17.26312326,12.61474386,9.25506026,6.79481612,7.36512948,6.627694620000002,6.637337620000001,5.01275486,3.9505114,2.0524363,2.64749024,2.12133634,3.1116611,3.5149615,4.31770684,2.9067663,2.35328,1.2444996
360322,788,CWRu,Canada Water,LU,JUB,NB,Jubilee // NB,14190.3391938324,620.48721616,3363.443377999999,3475.097408000001,3356.875068,1921.420497,1453.0156266724,2.13193584,11.75599124,31.49574324,48.05664404000001,74.43966,108.0255962,148.0297908,196.5518548,252.255022,308.006372,334.494678,365.798468,368.517952,352.524452,314.0031,291.747848,244.35938,205.839572,172.914788,152.981746,142.969612,136.07361,122.344678,120.077502,116.297576,110.821932,107.115464,117.22268,124.303108,133.689566,136.930192,145.706478,146.055346,147.992306,147.770614,157.12172,158.812364,166.98182,165.257178,173.32034,164.935612,166.670918,176.369874,190.256918,202.411548,221.656784,250.862092,272.985292,288.9461740000001,310.007316,319.440446,323.780436,311.12432,304.791576,280.6719860000001,270.197098,241.623592,220.779328,201.77168,184.063252,162.9828910000001,150.648843,139.621323,134.133551,126.656373,123.39048,117.854658,117.894526,115.156204,118.515562,129.684784,144.657724,153.553742,158.3627,145.419161,125.258761,94.1562584,63.8374724,38.4996844,27.47536486,17.26326346,12.61213486,11.94196466,9.44068726,11.4429148,10.8680732,9.403504400000001,7.816381400000001,7.382923200000001,5.7400183,6.0001671,6.912055219999999,7.523913220000002,6.336356510800001,5.2162704108,2.5375806108
360323,788,CWRu,Canada Water,LU,JUB,SB,Jubilee // SB,22437.0339112,275.0448228,2181.673362,5006.548624,6557.426196,4535.229375999999,3881.1115304,0.14201496,3.49305676,7.933926960000001,13.33711296,27.72149896,51.526034,74.5266182,96.36456,133.37547,159.003942,179.678986,190.986256,217.348778,211.260618,211.213638,195.936594,197.96022,170.991086,162.98707,150.930704,154.5670280000001,143.798232,143.580644,139.902556,142.863042,142.4506840000001,145.291334,153.919362,167.248698,173.82968,177.9707220000001,188.951792,198.96058,204.02457,207.26362,218.286206,228.03634,238.011652,249.615674,272.919748,293.3705200000001,312.79473,327.2783100000001,381.6129,410.3367280000001,442.236618,477.842318,525.4932299999999,540.5030200000001,563.910528,593.7488519999999,607.4683719999999,620.1579800000002,605.5920600000002,601.8232,568.31329,523.540114,497.3857540000001,463.0047860000001,421.9598860000002,391.318996,376.249702,330.2918160000001,314.3150520000001,302.788112,299.61097,298.819578,315.94461,333.388116,345.7277660000001,353.2728180000001,357.27264,371.551924,353.825886,312.1445260000001,276.451818,236.9403072,160.5916326,122.1423086,105.0605786,79.037702,64.33308400000001,58.9147856,47.79179840000001,40.33401060000001,46.10133920000001,35.716498,29.300561,20.0934962,25.1775848,14.86369380000001,20.2248286,22.68867280000001,24.671483,13.6838822,9.807789199999998
80722,852,CWFu,Canary Wharf LU,LU,JUB,NB,Jubilee // NB,13876.71344327001,1171.269622,4599.593122000001,3681.481532,2028.190222,1308.87085,1087.30809527,21.469674,49.98558000000001,75.52308200000002,112.415932,160.473172,200.276788,245.459478,305.665916,340.682454,363.257954,367.629982,375.14219,375.172346,411.770498,418.939486,449.967098,443.1239880000001,414.0969260000001,343.3214020000001,296.4887980000001,246.331354,204.921876,176.776106,164.393602,156.357686,150.746034,146.83682,148.052584,152.990148,152.55396,148.419112,147.512196,143.583074,142.126196,136.896836,136.191246,135.204538,139.88529,139.178218,137.285472,140.06725,145.902384,141.784322,147.485228,155.933096,161.857776,160.473222,171.289732,170.52072,180.608568,174.436806,178.634458,172.40781,176.554752,163.984632,161.48865,153.011184,147.422176,129.005558,124.46447,116.839104,109.2380592,102.1099752,100.1350772,89.8667252,84.35667520000001,77.843376,74.57847,79.92196799999998,96.456378,126.248252,142.770358,148.270064,138.5114936,113.715225,76.10722620000001,47.20854188,28.93644518,17.01241972,11.76196678,5.637557580000001,6.2746803,4.361189120000001,5.03624172,4.32175286,4.354019360000001,2.881674960000001,3.969879240000001,2.987095586,3.146269066,3.037312246,4.429994446,3.038356336,2.98764531,2.34935623,1.57473255
80723,852,CWFu,Canary Wharf LU,LU,JUB,SB,Jubilee // SB,32522.65922500001,1621.48413,10182.880698,7790.534948,6054.524836000001,3712.217168,3161.017445,9.158087199999999,29.8052572,64.6328052,109.5532492,187.7729752,300.8521560000001,409.317974,510.3916260000001,654.0466020000001,738.739536,797.7454680000002,840.5641400000001,945.0613,975.0456,995.2922,1000.12918,976.4683,872.5410200000001,742.2999520000003,644.9474,532.05628,454.26582,372.885456,333.63196,306.5225779999999,292.087974,278.1978580000001,279.997614,287.631978,288.779692,288.9801,286.864364,287.403848,289.4300120000001,285.974998,283.05479,288.1971180000001,292.795458,298.039178,310.081922,327.7808960000001,351.379274,374.144312,400.351468,440.07269,466.519424,467.456642,495.327948,507.614718,524.7759000000002,527.937496,553.703084,537.33455,543.6421799999999,504.034452,486.1057520000001,444.963242,420.86094,370.978256,341.0046540000001,309.15868,293.407386,270.894886,259.9393240000001,251.530932,247.566616,247.68704,254.225212,263.1363220000001,272.13417,278.287792,284.3046060000001,268.898374,249.62912,228.072836,195.20443,159.760126,135.92361,107.8704,93.484328,79.9666216,71.22478360000002,59.6728038,62.26823220000001,47.9707842,54.5342046,39.55893260000001,34.1341844,22.017396,28.648474,16.2672828,23.5374948,25.5026976,29.3297652,16.6151912,13.0624824
120322,884,CNTu,Canning Town,LU,JUB,NB,Jubilee // NB,13723.59275488,937.117551,3673.288636,3716.275161,2810.77455,1714.9956016,871.14125528,12.6662994,31.4072874,56.79472639999999,89.33566040000001,121.5741434,166.973103,199.811565,258.554766,314.639052,343.5673040000001,357.467884,375.7310340000001,371.4641740000001,340.717964,319.8875380000001,300.6820540000001,280.10197,248.912332,219.343348,200.773982,191.313892,166.85313,142.3105248,142.5532328,140.1565348,132.7373028,132.9286076,134.8031308,134.6824588,139.9829728,140.7186788,145.705286,151.470386,150.503466,148.431978,147.708158,151.70784,157.044078,152.869535,157.289133,169.029245,179.796357,193.606689,212.072544,222.509476,235.835656,234.84146,241.327722,242.400694,258.331542,246.795722,254.997864,234.66128,234.351452,210.061318,194.660364,176.214052,169.420192,158.134792,146.499664,145.488568,139.08785,137.478454,133.08304,133.155282,129.713132,126.3704608,120.3501148,115.5093456,111.9112024,102.7604332,93.5828904,81.70173919999998,70.4674878,53.2025526,43.72285520000001,38.97707120000001,29.0135909,19.2831125,16.84945142,14.97874862,5.739567800000001,6.836478100000001,6.835204900000001,8.500104380000002,7.092000580000001,8.983004199999998,7.188496992,6.862003352,4.865697452000001,5.115301931999999,2.887727492000001,3.14646476,2.46284726,2.01803316,0.6478418800000001
120323,884,CNTu,Canning Town,LU,JUB,SB,Jubilee // SB,29337.6136506,885.491794,3858.291952,6423.646823999999,7921.761388000001,4946.31346,5302.1082326,12.7945794,19.015656,48.163218,82.51356799999998,119.734774,150.9900446,210.975588,241.304366,290.8985100000001,330.6629540000001,353.27282,359.792274,386.7130600000002,365.670092,344.973492,329.269346,311.291576,277.618656,262.085602,246.04357,239.593024,224.98655,203.212088,198.97906,193.11313,191.208952,184.280746,198.030174,195.683258,213.99535,214.086542,236.769952,242.269688,263.519472,259.508436,283.386388,289.4272940000001,313.851512,301.056718,339.952594,358.976854,398.938114,404.186788,474.6341400000001,505.8689000000001,547.6892100000001,592.85329,648.25283,698.518332,733.4703920000002,766.106662,748.8804299999999,755.3768500000001,695.906378,648.504158,580.3339560000002,547.267928,496.027572,461.4728519999999,426.846112,412.98753,393.423658,368.410878,365.4311680000001,364.881728,364.7302820000001,362.6308740000001,382.2028780000001,394.7828280000002,422.9048680000001,437.075344,459.1175240000001,466.256296,451.640184,403.728958,348.7402499999999,293.42747,230.947194,181.798696,149.5613068,141.2444368,111.0317558,104.1903218,91.7179508,98.253188,87.94708299999999,76.322624,53.41893400000001,44.12449500000001,31.31567380000001,30.63853880000001,36.9449052,46.97762460000001,50.5082006,37.6219198,19.8696618
590222,537,CPKu,Canons Park,LU,JUB,NB,Jubilee // NB,3238.750668020001,30.92689902,374.8668025,649.8087716,1096.1982296,634.4298904000001,452.5200749,0.0279805,0.078592724,0.9002975240000001,2.364518044,3.501134744,5.646452444,7.923433619999999,10.48448942,16.2782721,21.772231,31.5994082,37.6584184,46.2224206,45.37128,44.19745,35.64501079999999,32.13738120000001,24.34764280000001,20.8169658,18.8203216,18.0799082,15.9161988,14.7153342,15.1018054,15.0043326,15.5967784,16.3835658,17.0768152,18.047363,18.9203584,20.5085374,22.4150418,24.93935260000001,27.0419364,28.9962062,30.4003406,32.2974662,33.5056096,33.98500679999999,35.054282,40.50224720000001,45.3998,51.3516906,58.56879420000001,66.2581992,71.450184,80.1910172,83.6135572,91.77261,97.233066,103.936128,101.324491,106.468921,101.971397,101.27115,90.707509,87.490742,78.923833,71.83410579999999,59.5218088,54.64426980000001,47.3496706,42.0995516,37.9540058,38.82939380000001,38.9168204,38.64685160000001,38.2188372,39.2894202,37.81057420000001,36.8555526,35.68055020000001,34.7592374,34.28523860000001,31.9043752,29.6566914,27.68416340000001,23.6194488,19.5888874,16.2490142,13.457843,9.81930406,8.96196806,6.917353540000001,7.628449740000002,6.480449340000002,5.715422680000001,3.903104480000001,2.9231512,1.1397636,1.6643934,2.3127238,3.53433768,4.11435004,4.11435004,2.44995664
590223,537,CPKu,Canons Park,LU,JUB,SB,Jubilee // SB,66.20635892497155,1.61132855,14.69511214,21.17677118,19.61331866,7.123801764,1.986026630971509,0.033717942,0.051377838,0.171297798,0.215233816,0.271659506,0.298236676,0.30261955,0.267185424,0.650671986,0.7455345259999999,0.8966356040000001,1.309340834,1.85843426,1.74749924,1.83193986,1.721042366,1.412490746,1.006846706,0.7928987860000001,0.7217772259999999,0.7843041059999999,0.8061871340000001,0.660433594,0.7118219,0.8222002800000001,0.8438098940000001,0.8216816859999999,0.9186848059999999,0.97619396,0.8328502200000001,0.77420339,0.78836615,0.7698180619999999,0.672949612,0.665128932,0.752248212,0.7598984219999999,0.8466130700000001,0.94521938,0.91210526,0.99501949,1.26120582,1.33355176,1.52227604,1.7411418,1.74862688,1.76907722,1.97613616,2.08034688,1.99900436,1.94402092,1.77461424,1.42216066,1.06804502,1.08862178,1.00152274,0.8444694800000001,0.8342147400000001,0.7792152680000001,0.61576886,0.640182334,0.666210502,0.614157862,0.578630262,0.525657016,0.412607088,0.3477764880000001,0.264911864,0.233665166,0.190450032,0.1556388512,0.1322212352,0.1478656352,0.1331318992,0.1415207092,0.1482203652,0.1024995140721604,0.1183251260721604,0.1028383128600972,0.08171949235962919,0.06060067187326804,0.06060067236087736,5.008772779999999e-09,0.005596085820835981,0.02047093432130398,0.03534578360766515,0.03534578278547038,0.03534578316524156,0.02974970205649253,0.0148748529965402,3.4463512e-09,3.77034732e-09,3.15533068e-09,3.45629046e-09,2.51624278e-09,2.06643178e-09
580322,558,DHLu,Dollis Hill,LU,JUB,NB,Jubilee // NB,3725.20125588,48.9613054,376.6016442,750.4939638000001,1151.1413668,738.3618778,659.6410978800002,0.0,0.24281734,1.12015728,3.26804208,6.38557508,8.83802008,12.42625514,16.6804384,20.77990740000001,23.4247466,27.8810876,30.3511078,33.9093422,35.6470924,39.1579578,38.94601779999999,37.5867592,34.0678088,30.1664324,24.6833842,22.2818588,21.32734300000001,19.21582,18.6584544,18.596641,18.27259500000001,18.1310412,20.0135092,21.73897980000001,23.3596658,25.13247040000001,27.0530464,28.1830326,29.3726086,30.4652126,31.9925394,34.1511854,36.6494086,39.2572248,42.22309440000001,46.7733144,51.88887600000001,59.06815440000001,66.68788760000001,74.494866,85.190762,89.39703120000001,96.3323052,100.0715092,103.4839484,103.6969304,104.9300072,103.3574672,99.3680472,98.772498,92.0459948,85.4318938,75.87009900000002,72.12333960000002,64.5566444,60.20698760000001,59.66326120000001,58.6624708,57.375063,52.53649860000001,51.8397726,49.59030060000001,50.5055466,48.590661,55.15981660000001,52.3476646,52.81282800000001,52.8639884,52.32827600000001,47.30324800000001,44.19060820000002,41.549115,33.4178108,28.0482154,23.165266,19.626047,15.9247016,13.5299584,12.0941702,8.67776654,10.39088694,7.195987540000001,6.206239740000001,4.07764654,5.644975000000001,3.14051166,4.48784594,5.00882474,5.812265699999998,3.374018299999999,2.67175404
580323,558,DHLu,Dollis Hill,LU,JUB,SB,Jubilee // SB,1122.562445214,60.42884684000001,246.403369,328.9364741000001,300.9221366,130.33090766,55.54071101400001,0.52509832,2.23349732,4.624585720000002,6.96540228,9.515331,11.0838396,12.3966138,13.0844788,14.227386,15.7671944,19.71767920000001,22.5416236,24.4087774,26.3030116,26.401326,23.4976716,21.5219838,19.8179756,17.1417184,15.0570214,14.3895342,12.7806548,11.285049,10.2952632,9.786026800000002,9.4465506,9.0382752,9.4236046,10.1232388,10.7451314,10.9546846,11.7801167,12.6489621,12.9738387,13.0898327,13.8755537,14.2959844,14.4787452,14.9974508,16.75686300000001,18.815542,21.0337582,21.5673134,24.3545,25.4391162,25.44252160000001,24.68642980000001,28.1622094,27.0468108,28.1603784,27.5221128,27.6288698,23.6525316,22.8068668,20.5461792,19.8281102,18.3151912,18.1181496,15.43017634,13.29345414,11.38919534,9.966251540000002,8.3771386,8.171468800000001,7.386607800000001,7.020269600000002,6.44602868,6.41697602,6.73719554,7.27122994,6.899414139999998,6.74029472,5.676765919999998,4.56219586,3.32059564,2.47110738,1.6755462,1.444411212,1.078314472,0.881616292,0.6712275299999999,0.61959952,0.541232096,0.5015406760000001,0.272767876,0.228201298,0.07759442800000002,0.08934524400000002,0.039937804,0.104050872,0.258134532,0.403292202,0.372083084,0.961775444,0.897662376,0.7435787159999999
230522,579,FRDu,Finchley Road,LU,JUB,NB,Jubilee // NB,18656.71904684,361.449529,1651.8624394,3846.3492376,6742.31791,3602.67615,2452.063780840001,0.0,1.6560944,10.6828984,27.4471104,50.7560094,71.99427840000001,88.98676800000001,109.92637,119.424726,123.388139,127.070464,139.67936,155.849048,168.5988520000001,164.498662,164.2488352,153.4842072,128.6721,105.450136,101.49791,95.0404316,92.1078366,85.69390180000002,90.3775998,94.2524878,99.20011100000002,105.047506,115.450247,123.129549,126.931417,131.117331,140.471779,149.63878,154.969708,163.5010040000001,176.589458,187.335452,198.444152,210.784516,226.446884,243.347784,252.811462,274.3093020000001,309.3505380000001,355.802586,410.665586,482.216982,547.25522,582.5370839999999,625.19554,647.68325,637.5928020000001,653.6083179999999,633.884224,598.538364,567.337954,514.556808,430.4599140000001,394.7573140000001,344.3461140000001,288.065078,273.491134,250.528226,232.551896,221.151194,216.51468,213.438426,222.815366,239.315,243.246872,240.780438,253.76575,257.1327180000001,257.796572,222.455826,200.2761,164.028754,115.8214442,59.4754776,49.3479412,34.0578776,15.215291,11.7521722,9.71225172,10.85621632,10.51809252,8.62133712,6.46757172,6.479365199999998,4.936459200000001,4.2979304,5.272197800000002,6.895520600000001,5.803356880000001,4.69565068,3.03959688
230523,579,FRDu,Finchley Road,LU,JUB,SB,Jubilee // SB,5620.109017721401,436.0191811,2143.767983,1518.0383022,1009.1387686,379.8474896,133.2972932214,2.34668326,15.16003926,20.86864666,33.36066166000001,56.86813946000001,84.23499340000002,100.3180974,122.86192,141.814649,159.247288,175.6505900000001,196.57997,212.874324,224.2568,213.134332,213.628658,190.152478,163.203652,135.509006,117.716236,91.684428,75.693352,78.182691,75.627053,74.90550900000002,67.227411,68.2343742,59.4868372,58.2885752,56.7380208,56.2971828,57.5573542,57.37893620000001,57.1839712,57.7993566,57.489206,55.4779344,56.068119,57.715213,58.8183494,59.10285260000001,59.03060960000001,59.4014104,62.6495554,63.49586280000001,70.5690302,79.57838620000003,83.98350079999999,90.2193308,100.4405588,98.86175779999999,95.7212848,95.4309648,87.07152579999999,73.8433734,69.9231924,62.4239958,53.6973368,46.43930920000001,41.19947000000001,33.13814840000001,28.44521240000001,24.3118674,21.172636,18.9911836,17.5899176,16.2982112,16.1402012,14.5095168,13.9375948,13.8009966,13.3242152,11.983691,11.52660886,11.36343186,8.291683780000001,6.20417178,5.04875612,3.71600408,1.84430552,1.619781974,1.544610834,1.008163954,1.070024174,0.967779974,1.12315616,0.8353726999999999,0.8880363800000001,0.95172316,1.36192492,1.1607828,1.55331246,1.406324108,1.1450244878,0.6235636878000002,0.4867350478
20522,590,GPKu,Green Park,LU,JUB,NB,Jubilee // NB,31910.20388772001,1590.36706,6912.836240000001,10592.506364,6788.084317999999,3280.091058,2746.318847720001,15.38562,43.263192,73.06170800000002,140.285288,224.6546920000001,283.7437980000001,359.4926460000001,450.4801160000001,501.685186,546.9760020000001,586.2237240000002,619.6633840000002,622.4182920000002,643.972742,609.662498,614.42003,583.49019,556.0929120000002,513.443704,514.787576,493.043716,481.132516,466.1409080000001,442.5663060000002,431.7965980000001,421.7109840000001,407.942914,413.2064260000001,427.207856,424.890002,418.906152,421.38471,414.35703,411.47347,407.1676960000001,402.1454000000001,403.162592,413.059128,401.508388,446.909926,473.313052,488.7831660000001,522.2747780000002,558.42265,533.5793,553.360874,559.1419599999999,570.097452,571.2292,609.99135,599.523276,621.412196,588.525242,569.5848219999999,517.6393559999999,493.99929,451.5313760000001,414.679098,374.571584,332.8189799999999,288.560758,246.307108,219.256334,200.933548,196.535208,191.418564,181.304848,182.173652,187.606492,205.92228,243.093236,272.901156,285.159454,281.068674,242.1881552,191.7787012,151.6583632,108.3117302,87.47530820000001,70.96240080000003,56.61968400000001,38.720992,43.1926838,32.5167496,36.21063239999999,26.25211206,22.20566206,11.01202726,17.72846246,14.17333626,21.8115486,24.256571,29.4693598,19.87957454,16.29401614,7.84948494
20523,590,GPKu,Green Park,LU,JUB,SB,Jubilee // SB,20975.98447086,991.3229985600001,4995.64112,7056.53936,4221.103384000001,2170.919426,1540.4581823,5.77080994,13.57428674,29.37991674,68.46660274000001,119.5584296,184.1250708,254.319946,316.1279360000001,376.845784,408.0559040000001,437.9722360000001,446.544696,472.855296,449.3582519999999,448.8006820000001,416.558142,416.557856,380.844696,375.429076,365.8185,374.896192,354.5159260000001,352.2805560000001,336.3338760000001,324.2365060000001,303.8868300000001,293.597174,284.54773,288.6095,281.422836,279.275406,271.846894,268.754534,262.752938,260.626628,254.315076,262.427414,261.548276,261.734812,266.421552,282.41771,290.266966,306.373168,333.45086,326.428092,336.3043740000001,329.2129000000001,348.2416700000001,338.697132,375.209848,372.3937840000002,396.664816,372.418584,368.778362,331.825146,324.9286760000001,284.91867,259.287542,234.48365,214.34962,179.876464,166.896164,150.9528012,134.0829132,132.2634832,128.0454152,136.3284172,149.434286,154.97708,160.924422,184.090426,183.123298,169.2735860000001,151.582913,128.3452882,91.16383620000002,63.5212562,45.51700099999999,34.2125338,29.05446600000001,19.5363366,15.5597986,13.839851,15.389314,12.73871024,12.24792484,7.92823084,6.12727964,4.02438784,4.9013384,4.597034880000002,6.162807980000001,7.066966780000001,6.669066780000001,4.40571858,3.4773089
580222,622,KILu,Kilburn,LU,JUB,NB,Jubilee // NB,6746.521800899999,114.3734039,624.8398994,1409.207654000001,1895.98409,1323.786709,1378.3300446,0.0,0.34105206,1.50827846,5.11716106,12.18972806,21.05379666,31.158511,43.0048766,50.0113168,54.85482340000001,57.5408448,59.96143120000001,58.8176672,62.6286784,58.58000140000001,53.85827740000001,49.6683414,45.52043500000001,37.775783,35.6222994,36.5213814,34.89502660000001,33.78646020000001,34.4922602,36.95490960000001,37.96427800000001,39.0334536,41.0909998,43.33938060000001,45.939901,47.30361860000001,51.263848,54.3811858,56.53911340000001,58.18217859999999,61.2837186,64.76352759999999,68.00981759999999,72.5624312,81.028532,89.217522,96.43079600000002,105.1911288,119.0321848,126.985256,141.81484,148.98536,161.50909,165.333782,173.1641100000001,164.693834,169.862418,164.997378,165.865314,154.635882,158.136826,150.542192,142.027896,128.237578,121.996526,110.161749,102.389731,96.5107578,93.2973298,92.7119998,93.2288848,93.7397348,98.94233,104.86585,110.712784,114.89172,113.079396,111.094714,104.605096,97.709396,85.68162600000002,81.79355799999999,70.0345064,60.019266,46.30908340000001,41.7637458,30.433567,27.4323742,22.7501728,23.6373978,20.62362540000001,17.3983442,11.8803926,11.7575381,10.1140629,9.3642229,10.9194148,13.550447,11.9602179,8.8615827,5.0859427
580223,622,KILu,Kilburn,LU,JUB,SB,Jubilee // SB,1866.348598826843,112.7647817138,581.7350486000001,579.7943204000001,369.8914768,136.0440985,86.11887281304318,0.2519685026,0.8980374626000001,2.8226480626,7.780941686,11.25986164,21.86335296,31.078265,36.8097064,44.847171,55.97014100000001,58.2466182,61.875252,67.956092,63.79142280000001,55.4197922,48.77038700000001,39.68828720000001,32.4656942,27.1073072,25.5968838,23.12191420000001,23.1522822,21.3866362,21.89181880000001,21.6320968,22.124464,21.926028,21.7036334,22.2673282,22.8849918,23.2385942,23.7996682,25.2422708,27.1962922,26.6300648,26.5145088,26.3919454,24.7116906,22.1296674,23.5537354,24.32239400000001,25.266266,28.0266578,30.6793712,31.359375,33.9169812,34.61385080000001,35.2365308,35.34203460000001,34.8396124,32.3280652,32.553274,28.83816340000001,26.4052034,23.6249856,20.8334004,17.7479184,15.81992520000001,13.3580065,11.99699330000001,11.1475573,9.672165699999999,9.351794900000002,8.935444200000003,8.810227200000002,9.5659388,9.5374984,10.1006286,10.6152624,11.0367076,11.091023,11.047279,9.6139484,8.45522614,6.58733926,4.3762809,2.60490672,1.8489834,1.25309442,0.995357148,0.825878828,0.7255633220000001,0.8019492619999999,0.7048296799999999,0.6691670919999999,0.415539808,0.376379494,0.295567824,0.3015586560000001,0.24611012,0.199426523816,0.227704745816,0.271276665816,0.2334172304704001,0.1495875064704001,0.1495076666544
560222,624,KBYu,Kingsbury,LU,JUB,NB,Jubilee // NB,5515.142298199999,54.73370436,614.8957730000001,1192.1224176,1967.51889,1032.3788064,653.4927068400002,0.06958732,0.181154292,1.770245792,3.487761392,6.033052192,9.280880472,15.2305303,18.6804926,22.7794424,29.25734560000001,40.948826,61.00093920000001,70.10244340000001,78.30079880000002,77.23229380000002,71.5896072,52.07071920000001,43.84689060000001,34.7497032,33.0167636,29.1483862,28.3388784,28.781499,30.6563346,31.4214322,33.0009286,34.59259960000001,35.8919756,37.72795120000001,39.08532340000001,40.58227180000001,43.12799320000001,45.00185620000001,46.0679864,47.679204,50.49385460000001,53.743166,58.10817220000001,62.5033542,67.4819834,76.05296200000002,83.67200799999999,89.86540079999999,99.096896,109.993412,116.437906,130.308064,142.476658,159.937718,172.446946,191.447026,192.64822,199.941486,194.615492,188.477532,168.78843,156.12076,132.218628,114.138408,101.541073,84.61480180000002,77.85265980000001,72.5852088,66.70604880000002,57.63091460000001,60.47341979999999,53.28618640000001,55.21069740000001,53.82738240000001,56.25120960000001,55.63740680000001,54.25471940000001,50.5781422,48.8101972,40.183824,36.1138442,33.1736182,28.9966498,24.5671602,23.6101614,18.4118732,16.512935,14.0083174,12.8895902,11.4294776,13.7351942,10.7120552,8.762442400000001,5.9649812,5.652086600000001,3.2081274,4.8773846,5.592989599999999,6.84529768,5.248468880000001,3.63717028
560223,624,KBYu,Kingsbury,LU,JUB,SB,Jubilee // SB,548.0401565780004,11.99882952,191.1196232600001,166.01598602,119.9413571,48.20813238,10.756228298,0.12077262,0.38892874,1.13886266,1.6726914,2.03035008,2.28552398,2.3451456,2.01655444,3.4879561,7.573805220000001,18.42082670000001,26.48849576000001,30.02757500000001,29.4791006,26.8312471,17.3579043,10.26156258,7.28550798,7.32072138,6.584920540000001,6.483828340000001,6.39359866,6.60058258,6.41124278,6.44836828,6.118673279999999,6.320994280000002,6.31553596,6.503756240000001,6.984642020000001,6.865461740000002,6.518927740000001,6.638020460000003,6.731049280000001,6.61495946,6.63783874,6.74788546,6.291168740000002,5.75214444,5.743999520000001,6.43956402,8.476040300000001,10.5670257,11.410678,11.8821774,11.5209909,10.6346923,9.676305500000002,10.1484754,9.55222288,9.83315248,9.45270008,10.04192388,9.34500388,9.212113400000002,8.641599000000001,7.697160119999999,6.24026404,5.33739804,5.147715440000002,4.37871898,3.932138800000001,3.167770180000001,2.899053920000001,2.275032560000001,2.43242878,2.35082392,2.3496276,2.03496184,1.77656138,1.2198182,0.8465222760000002,0.5604399800000001,0.455939746,0.4656663579999999,0.492208958,0.428235746,0.3748839832000001,0.3476296052,0.2696687852,0.1593294344000001,0.1399781196,0.1473243904,0.1514147284,0.0957669564,0.08057692720000001,0.08201931400000001,0.083109138,0.033264832,0.118813936,0.118813936,0.10218152,0.085549104,0.085549104,0.0,0.0
350222,635,LONu,London Bridge LU,LU,JUB,NB,Jubilee // NB,31597.12427597001,1398.920754,6317.280792000001,8781.553794,7536.448712000002,3719.800272,3843.119951970001,6.4108712,32.3554232,70.06069120000001,120.0570872,189.4044872,272.63717,325.266848,382.728176,423.037432,461.003872,468.294918,514.872548,543.600642,584.51603,604.7106699999998,627.817036,596.4922700000002,553.769108,500.726408,438.439858,381.032358,357.564254,339.609792,325.987568,326.577192,331.48841,325.259944,332.193122,341.7204260000001,350.146392,352.5425340000001,366.4872060000001,371.11853,365.574216,358.0551900000001,360.119954,357.827326,359.3563580000001,364.605448,386.3903340000001,402.088344,416.939656,441.862156,467.0070840000001,494.7035580000002,513.962798,555.3448380000002,619.7536380000001,663.3233740000002,705.3371060000002,725.5008780000002,735.7794180000002,687.5667060000002,667.506666,604.695252,562.9744800000002,494.45859,443.7762780000001,383.407518,345.6954460000001,313.760816,285.8764060000001,265.39083,249.66367,236.302602,226.518972,231.430242,243.518902,268.958488,331.141566,390.474506,500.66423,510.960162,492.9537720000001,425.5398060000001,346.207665,194.604545,129.2113134,79.321517,41.07981946,20.18118636,11.67211182,11.34312482,8.028499420000001,9.56902156,8.30590912,7.42294966,6.114817260000001,7.776435260000001,5.86184434,6.59707768,7.37968508,7.887429679999999,5.69636407,5.21398639,2.95211959
350223,635,LONu,London Bridge LU,LU,JUB,SB,Jubilee // SB,31273.2755292,554.3682815000001,4615.932650000002,10846.018232,8055.519414,4201.922582,2999.5143697,1.1307311,5.7356067,18.1045447,37.4003467,69.3591807,100.4103376,139.428296,182.799238,234.386206,267.4884260000001,303.0085640000001,353.39485,391.60185,422.5515800000001,454.3063700000001,466.4855700000001,466.209256,446.9490960000001,420.841566,388.7093160000001,387.46935,361.0331680000001,358.0082280000001,355.3672660000001,371.436292,375.778888,394.053394,414.322778,442.448926,456.494706,465.536754,479.84212,488.3816840000001,479.770662,477.318112,478.776208,474.593804,468.365196,469.213132,482.4631019999999,503.101722,529.89121,554.7818900000002,577.56964,606.7083540000001,612.349054,627.2166820000001,641.93979,686.8985,697.3014780000002,725.88679,727.890222,743.997144,701.5384740000002,667.464242,616.3286840000002,567.011428,500.7032980000001,440.3886900000001,404.080884,367.989202,330.7235100000001,294.699474,283.915904,258.544778,242.669998,250.627218,260.5681980000001,283.0353760000001,298.921988,322.1032360000001,332.769558,323.0124940000001,297.0413640000001,266.366156,223.914694,163.0138348,124.7068928,87.77456880000003,56.18547940000001,37.738035,29.9967828,26.5958792,20.92311650000001,22.5467235,17.6191783,14.8660557,8.759321300000002,9.546055,6.046499720000001,4.64875352,5.424397959999999,6.38438064,4.3462132,3.21549888,2.01183668
560322,649,NEAu,Neasden,LU,JUB,NB,Jubilee // NB,3154.36892988,70.3704338,342.1520968000001,682.3870468,1041.0780274,560.8958606,457.4854644800001,0.0,0.26387864,1.6944273,3.2823452,9.55746,14.1032494,18.97948376,22.4895895,26.77473060000001,26.0039882,26.21595940000001,27.79681840000001,29.8136752,32.0045536,32.6887928,34.2819398,30.557959,28.7497314,24.9779278,22.2860206,19.3386476,19.7298344,17.5313786,16.501015,16.8990466,17.2233756,17.589087,18.7545086,19.4353588,20.5122204,21.22438480000001,22.851475,24.3899192,26.4180202,27.5234574,29.6417914,31.766675,33.9202348,36.51423579999999,39.76401300000001,44.0867964,49.30290280000001,53.73156659999999,57.73710180000001,64.0048286,72.8083532,76.0126056,84.68755440000001,89.84586680000002,94.047878,96.13686,97.109884,96.21167,95.825414,91.717784,82.66932879999997,76.14298779999999,65.3745392,58.020888,49.7865274,46.06293460000001,42.7753346,40.57019,37.8639796,37.7316912,35.4595382,35.225318,35.881932,36.48000260000001,35.65014420000001,36.4989812,34.92718060000001,32.84099320000001,30.7548896,29.1294322,26.4092806,26.1244442,23.3341618,20.1552046,16.78078632,14.85365072,10.92824284,10.28952584,8.57075704,9.76883352,8.833706920000003,7.764667,5.583181000000002,4.6864876,3.061761600000001,3.116753800000001,3.669011140000001,4.891926340000001,5.521366400000002,4.455479,2.4046126
560323,649,NEAu,Neasden,LU,JUB,SB,Jubilee // SB,1047.112887836703,57.77567879670269,229.6593166,270.3809034,301.3939006000001,130.4966271,57.40646134000002,5.934053999999999e-08,0.5249979993405399,2.29266239934054,5.01220159934054,8.001170799340539,11.69347954,14.7240934,15.527073,17.1659032,19.2007534,19.7442196,19.8310278,23.2401464,23.6109094,22.8042488,21.8065858,20.8051904,16.4568082,13.4899222,11.5036014,9.776538000000002,9.0402206,9.122479599999998,8.92767248,8.46349388,8.57112188,8.18685228,8.079604680000001,7.9603454,8.1746084,8.4142574,8.492773199999998,8.838378599999999,9.9415016,10.1876234,10.9939728,11.7823376,12.5763286,12.721623,13.623645,15.0469412,17.1826004,21.0843188,23.19166460000001,24.2573646,24.5655334,23.5133118,21.7179652,23.407324,25.9743048,28.4355828,29.7879856,29.9326296,27.757935,23.1970888,18.846875,16.3081511,13.4968003,11.4705893,11.6606709,11.4642271,11.5783554,11.1073402,10.2256836,9.3184684,8.6285334,7.6399178,7.597889599999999,8.3558178,8.580183,7.968696400000002,7.64831294,6.68288934,4.805749580000001,3.26592948,2.379259240000001,1.5647917,0.8765797120000001,0.678662056,0.630319896,0.6212094859999999,0.450335286,0.431361074,0.501223416,0.4262077360000001,0.358406162,0.254183962,0.28324984,0.148842792,0.126757986,0.08100141000000001,0.1071383,0.078072422,0.04900654400000001,0.02613689,0.02613689
820322,789,NOGu,North Greenwich,LU,JUB,NB,Jubilee // NB,13302.95524755601,942.7822904000001,2241.951688,3467.841149,3744.019436000001,2243.955171600001,662.4055125560003,23.18157260000001,39.88831260000001,59.2153186,91.42868259999999,133.717562,166.09851,201.301084,227.951248,247.825264,234.279866,217.11038,192.733106,188.583136,172.142552,173.607128,175.194836,180.97246,166.171954,153.70612,139.624886,131.204846,121.412068,112.1398632,112.9408364,117.3327364,117.8652924,117.9560884,124.0009392,124.715609,125.925017,127.856339,134.657773,141.774455,147.625484,148.09359,150.318616,149.925464,152.990572,154.086774,165.045304,176.725482,190.264068,203.90213,219.081802,224.780776,243.668788,255.780178,282.3511900000001,295.1981480000001,329.7897940000001,332.0180100000001,353.7235420000001,339.6109940000001,368.5950560000001,357.8071280000001,360.6958320000002,343.9864080000002,331.6644780000001,286.694454,257.251774,219.063704,180.162624,150.388208,124.311052,101.837814,90.263278,81.79159999999997,76.53977760000002,71.5864176,65.73133299999999,60.75426360000001,58.13075960000001,54.0830248,49.81870740000001,46.63442240000001,39.87664540000001,30.72088,24.882859,17.73919574,11.39076894,8.630544460000001,9.90912646,8.307241600000001,9.75424326,9.08223596,12.05613384,9.26753124,11.5091137,9.7218639,10.0526174,6.524355700000001,8.974150100000003,5.771294880000001,5.006364491999999,3.618220692,2.871197392
820323,789,NOGu,North Greenwich,LU,JUB,SB,Jubilee // SB,29792.80004319999,584.541598,2564.602754,6212.1939,10489.048284,6425.227108000002,3517.1863992,8.397255,18.0124536,33.49584160000001,52.5368436,82.6188536,104.6046546,129.830258,155.045438,177.98397,192.41081,199.962966,209.763366,214.750052,227.910666,228.120502,237.4008,233.820106,232.74943,211.020736,198.70935,183.909804,183.826552,171.804588,166.463528,171.805528,177.753688,176.034062,184.50956,200.760778,210.552212,220.1421780000001,229.90389,241.653898,254.028582,263.158508,271.576018,289.889404,305.734248,319.300898,338.9503120000001,367.418642,391.889222,424.65603,466.47177,532.6197860000001,590.5740760000001,629.805288,708.3224640000002,780.583118,876.5819080000001,930.038368,1046.583168,1083.86282,1116.0415,1110.25422,1083.781568,1014.320108,952.2651080000003,852.7055360000003,714.179296,627.418848,514.0644219999999,410.0860720000001,337.5691120000001,288.009022,249.609792,233.8929,231.106892,235.097552,245.955094,256.671504,258.641012,264.072778,257.27084,246.619342,219.02359,201.666204,167.572768,152.289398,127.663612,126.491452,104.0519972,102.336842,84.75808520000002,82.8754332,71.2413504,60.0221412,41.9917244,33.2236412,23.5404938,20.81130060000001,25.11063960000001,31.9441364,35.22083240000001,26.6131038,14.4095318
560122,679,QBYu,Queensbury,LU,JUB,NB,Jubilee // NB,5034.58664395,45.51755465,330.6965882000001,917.8779846,1982.156194,1080.0225202,678.3158023000001,0.35097084,0.51128521,1.42901361,3.02033089,4.89226869,8.18792345,11.04304068,16.08272128,20.252928,24.8843202,27.44777300000001,32.2426834,32.6269684,34.1649504,32.00641640000001,30.9014566,27.4724618,25.2683128,21.8147976,21.6135196,21.7599788,20.977214,20.7102878,20.692497,21.083452,20.2657514,21.508608,22.6967706,24.56548260000001,27.57928620000001,29.74482620000001,32.50668520000001,36.05315520000001,38.30187760000001,38.829485,41.6785618,45.2353378,47.9774298,51.66999540000001,56.1602942,59.74969820000001,65.33647619999999,72.07609280000001,80.71874079999999,97.607908,110.259942,120.379668,145.288882,159.8882,168.644154,192.527174,204.057156,201.001714,203.065006,200.984322,178.452068,164.464906,147.0953348,128.1740418,107.3343918,92.2153368,82.02011580000001,69.96970900000001,63.42121260000001,57.46316720000001,57.98628280000001,53.3052218,56.57279980000001,55.96926980000001,61.80133720000001,62.0632956,60.77407959999999,55.6418316,53.32661100000001,45.7246202,39.4957208,35.7011588,32.2840556,27.0797774,22.6654402,17.75739808,16.62938568,13.00103408,11.74777108,10.12083848,11.209409,7.8880834,6.2774542,4.1800774,3.90086472,2.06847458,3.45473258,4.39879058,5.48842798,4.24590926,3.4199534
560123,679,QBYu,Queensbury,LU,JUB,SB,Jubilee // SB,186.36708795,7.71330643,24.10472734,56.29099716,64.04325562000001,24.9810924,9.233709,0.38738602,0.52589056,0.77569288,1.07303222,0.9675882,1.2908031,1.4240787,1.26883475,1.24005691,1.59447395,1.68391035,2.10588017,2.4226647,2.53776234,2.49701232,2.48295042,2.188148299999999,2.004642,1.79238836,1.55483752,1.29097302,1.057288,1.09378868,1.19994434,1.19365874,1.37981924,1.39956342,1.38506474,1.48514926,1.83571114,1.97253298,2.38674098,2.49869676,2.54704928,2.39669362,2.19619252,2.29206768,2.42839174,2.42034804,2.65558864,3.4396886,4.53295904,5.2699175,5.9331692,6.05405018,6.012510580000002,5.20646538,5.10172496,5.007212560000001,5.350758380000001,5.03648452,5.44679392,5.462238280000001,5.620563820000001,4.976034320000001,4.768418720000001,3.92175626,3.45382046,2.77390722,2.49139076,2.227613620000001,2.00549986,1.58542818,1.24265862,1.33279804,1.25194758,1.31369084,1.38058096,1.57554128,1.364658596,1.206060136,0.8935951360000001,0.6002776400000001,0.3374823080000001,0.281227176,0.27412267,0.243336392,0.25433097,0.24726567,0.390428934,0.31570476,0.309113368,0.266772806,0.219336578,0.03574917,0.03574917,0.0,0.0,0.0,0.076591248,0.076591248,0.076591248,0.076591248,0.076591248,0.0,0.0
350122,784,SWKu,Southwark,LU,JUB,NB,Jubilee // NB,4106.866442414002,207.8157792,1437.54627,1164.391276,698.0179196,352.7287942000001,246.366403414,0.37016044,8.28357844,12.83600004,20.19918664,29.39123764,40.0732112,43.6637592,52.9986456,62.660543,73.49028299999999,84.32575899999999,98.42590900000002,130.503133,144.306003,155.3914720000001,161.597182,161.1447700000001,136.0974468,124.0466748,105.5570944,90.11288940000001,76.326738,64.9610498,54.72062080000001,51.0146852,46.76002660000001,43.544229,42.27634040000001,43.11776880000001,44.355036,44.2284516,44.9051974,44.9948474,44.694411,42.71062979999999,42.23442379999999,41.879032,42.30452,42.27706420000001,40.8661862,42.41707700000001,43.6080254,44.29466800000001,45.78735820000001,50.2893218,50.91679600000001,53.78476260000001,56.4149956,60.1358902,61.2754746,65.0419536,64.38566460000001,65.08865300000001,59.75225500000001,56.84137700000001,54.09077560000001,50.1820786,42.95936560000001,40.5804176,36.3731836,30.38640100000001,26.1490936,24.8468382,22.012982,20.75904540000001,19.4777862,19.7962306,19.20537180000001,19.5294302,19.2703504,19.3322276,24.1068026,27.4137294,26.8167252,24.8273568,22.51287894,14.60867986,9.24567366,6.035166780000001,4.544007779999998,3.38966066,3.02179242,1.61133358,1.90314122,1.91757712,2.25140622,1.70272354,1.79741996,1.53520772,1.796138320000001,1.28908706,1.65580922,1.543247,1.321916138,0.7623054380000001,0.624608578
350123,784,SWKu,Southwark,LU,JUB,SB,Jubilee // SB,7103.747632980002,174.68834544,1351.4126012,2006.293161,1912.231788,992.4480960000002,666.6736413400001,0.073592728,5.567066928000002,7.257438728000003,16.43174272800001,24.327397728,32.927994,38.1320212,49.97109140000001,57.4437054,63.6718364,75.90021740000002,99.57998,118.87823,133.368792,152.120576,154.069188,146.437472,132.37,117.988302,99.584302,93.400464,82.063792,76.337704,70.9680694,69.24696479999999,68.38683359999999,66.9537336,68.91838560000001,73.25116820000002,76.41694079999999,74.90849399999999,75.58226479999999,77.32761880000002,78.28180680000001,77.66744680000002,80.02533880000001,83.88998120000002,87.7134152,89.628934,93.326531,100.545623,107.3018078,110.3637678,123.786075,131.820234,134.485954,139.625148,146.841444,154.086232,160.00251,170.808898,177.811898,184.673108,175.72824,171.669802,164.67832,150.937337,129.337227,115.668965,99.52818,83.58170799999998,70.026054,66.11338260000001,59.074503,58.30473400000001,52.334042,53.612539,53.9294244,59.47832200000001,57.2509748,62.0587728,66.5286468,79.55281360000002,75.35728200000001,69.02985480000001,60.48790160000001,48.25035020000001,23.80322180000001,14.1266432,11.96492994,7.791082999999999,4.919906339999999,4.133140200000001,3.57860568,2.65532926,2.696951040000001,1.9413771,1.63996284,1.5555546,1.71826764,1.26490148,1.49702488,1.535375856,0.9945504279999999,0.490681468,0.371215988
60122,696,SJWu,St. John's Wood,LU,JUB,NB,Jubilee // NB,8304.749909459997,225.224361,2060.272057,2561.432975,1750.157463,954.4132966000001,753.2497568600003,0.0,1.3362514,4.532324200000001,11.589109,24.3460144,40.4708284,60.4457022,82.5041314,123.7813926,156.6510832,187.0204152,213.929822,231.687932,225.327476,208.190192,183.3625652,159.1351172,139.9384252,119.1370472,112.1105892,112.33929,107.262588,99.9015752,96.51555400000001,95.767374,95.32380500000001,94.38467299999999,98.2959238,101.761923,102.132625,99.9986,105.761168,106.598296,104.689688,103.088078,103.215552,100.491972,102.9085148,108.1298928,113.7514048,120.9365968,127.3055028,129.44389,131.428488,140.505086,141.356404,145.828172,149.190856,152.959748,151.763508,148.675239,149.283867,148.943979,146.941009,139.491701,135.217894,122.177584,114.950552,104.024312,92.9176792,85.69505520000001,77.37002320000002,67.3041742,60.6986862,56.90861340000001,55.39055140000001,56.811583,60.16448279999999,63.41142680000001,67.33139840000001,69.2008624,69.25229279999999,66.6509906,64.68210859999999,57.3605456,51.9267316,44.4999196,35.7177182,25.2797656,20.8526002,14.4520642,12.7430104,10.53469966,11.21649806,9.18198362,10.72410562,7.287311420000001,6.03809496,4.950570240000001,6.28482088,3.94010754,5.041391,5.3383909,4.727640740000001,2.61703894,2.00566828
60123,696,SJWu,St. John's Wood,LU,JUB,SB,Jubilee // SB,2387.285688493537,139.272720524,1037.3501258,718.0665314000001,327.9183954,118.79741122,45.880504149538,0.278819566,1.040241366,2.825020366,9.797913166,15.74929226,23.3272788,34.952749,51.301406,70.27738120000001,94.1873526,114.338278,124.444875,124.959367,113.415457,96.532813,79.43804499999999,66.4351314,58.54761940000001,50.92360739999999,43.85019879999999,38.53482680000001,34.4836454,29.537406,28.2367528,28.1930298,29.2512518,30.4705782,31.7390936,33.21928080000001,33.278594,32.1800128,31.1724658,29.9640318,28.691727,27.5656666,27.1345474,27.38407320000001,27.5308894,27.7911308,28.1767684,28.5992214,28.0669526,27.7579118,29.1066732,30.9067934,31.7979916,32.129544,31.1106404,29.5212974,27.4090702,26.0110594,25.360427,25.5816472,24.00351300000001,22.5783462,21.5080656,19.7120332,17.7462376,15.2151967,13.13493782,10.65175982,8.731380099999999,6.82394166,5.89892864,5.40942912,5.381929120000001,4.93104264,5.160594799999999,5.358850200000001,5.38904368,4.969158800000002,5.1022812,4.49146128,4.149894400000001,3.709090320000001,3.18604244,2.41871646,1.821751184,1.473186764,0.9934123760000002,0.5718549479999999,0.362191008,0.3382729760000001,0.187252726,0.12682558798,0.13278990998,0.09460562998,0.07727266198,0.12525765198,0.2033486920000001,0.178733685064,0.178769700214,0.157146012206,0.07999447040600001,0.001670956406,0.001628429342
590122,714,STAu,Stanmore,LU,JUB,NB,Jubilee // NB,4923.466014400004,104.847665,636.54161,1002.9380624,1417.312599,915.04064,846.7854380000001,0.0,0.41401548,2.35538768,8.41645028,13.11042028,19.97956228,26.3251256,34.2467034,40.08265,49.487859,58.859813,65.9733982,71.6576962,70.66583,65.8498,57.65957060000001,50.9643112,41.2783962,33.9131058,30.1491798,26.0290864,25.4582634,23.9468148,23.9417538,25.2142202,26.223577,25.0396082,27.0762488,29.562445,28.3351168,29.55655,32.26213060000001,38.0125196,43.5054844,48.1635872,52.94677720000001,57.56467720000001,58.20588120000001,58.36992780000001,59.78872180000001,60.9720786,64.1419432,68.0454612,70.575188,79.151934,85.99861200000002,98.193602,101.329524,116.24595,128.205566,134.006492,130.764389,145.776921,138.918985,131.751507,126.969117,122.438505,108.431251,101.567649,87.25033160000002,79.2566024,69.1061054,61.20797740000001,54.28100140000001,55.66444880000001,56.209042,60.74703900000001,58.88068700000001,63.9822722,60.75710220000001,62.67978620000001,56.70113720000001,54.11361120000001,51.7244266,55.0503274,50.86731080000001,48.64680420000001,48.90443820000001,42.8550482,35.9646794,30.5370106,25.8053656,22.09305,18.587575,18.05828,16.6466434,14.851211,9.835062599999999,8.201889000000001,3.44455,4.5218052,5.70814772,10.19242732,10.19242732,10.19242732,5.67062212
110523,719,SFDu,Stratford,LU,JUB,SB,Jubilee // SB,40735.66927219998,1112.466616,8488.946210000002,10387.773228,9700.715019999998,5253.273224,5792.4949742,5.324891600000001,26.1195056,45.0999088,71.7924448,137.3587528,178.2978712,265.4579072,383.0153340000001,481.590338,553.8322820000001,717.024452,801.1296420000001,853.4436520000003,882.9512820000001,898.6206300000001,811.8328700000002,743.3929700000001,658.4712300000001,590.268906,496.387956,446.6883099999999,371.0944940000001,324.913558,303.207082,329.9405160000001,335.949446,378.6943480000001,409.016924,439.8222880000001,440.972368,444.7259320000001,432.300798,436.058158,419.3469240000001,423.58048,428.6422960000002,451.752644,448.73732,437.4316840000001,459.130344,500.7070400000001,536.668354,588.3733980000001,600.018522,648.0709820000001,637.1934739999998,692.08516,727.0651799999999,862.091032,891.0639839999999,982.653272,957.044044,957.2080699999999,867.31393,781.16951,697.756382,629.985234,545.247788,509.180028,488.2312480000001,450.566424,426.31035,400.203222,384.738666,368.488898,346.22795,346.522414,357.571002,367.2764980000001,416.669694,490.681246,559.443272,584.7369580000002,582.909012,508.981688,449.785904,336.49907,270.6288020000001,210.50428,178.190734,112.972568,102.0937328,75.30629420000002,72.9070392,70.38803639999998,71.5305014,51.9668906,43.4640312,25.2108742,29.8809364,19.9554558,33.62339779999999,38.3321636,40.3031866,27.9049772,20.3477308
231022,723,SWCu,Swiss Cottage,LU,JUB,NB,Jubilee // NB,6983.807545860001,97.5286921,1292.7756164,1751.261084,1741.180381,1096.2655304,1004.79624196,0.0,2.017995,3.4788275,6.3907607,11.4112955,16.6643549,22.3942879,35.1711706,51.9501994,72.8842186,100.2767192,123.1421952,142.9441100000001,153.6670820000001,149.4499868,130.0259588,115.3789788,97.3507428,82.0429068,73.662518,73.599326,69.253557,63.48610300000001,58.43743840000001,55.26084840000001,52.54608140000001,50.46182320000001,51.34359420000001,53.02360360000001,55.21978560000001,56.62150600000001,58.92587220000001,61.60089720000001,65.81414240000001,68.68504440000001,72.318273,76.834774,82.03667,86.32819079999999,93.3983228,99.3272638,109.1718338,114.8049918,122.761141,128.742273,134.63383,139.685554,144.531564,151.557038,151.760634,153.089348,151.37135,154.160782,145.766162,144.987954,140.893892,137.441398,125.127988,115.218908,102.758134,94.433868,81.423912,75.028014,71.562242,71.005358,70.2698808,72.9317548,79.0640728,85.80373279999999,89.7526048,97.888446,101.767862,98.5450312,96.1063992,89.2945272,73.49118200000002,58.5907552,44.1380312,30.3878248,19.82988368,15.20862208,11.47658708,11.61161508,8.772768680000002,10.3064208,9.454323,8.4723848,6.3186696,6.396513460000001,4.84312926,3.744883460000001,4.714342800000002,6.182633900000001,5.15455236,3.888667560000001,2.65384796
231023,723,SWCu,Swiss Cottage,LU,JUB,SB,Jubilee // SB,2093.81366447932,70.4557148,823.6413901999999,582.3337007999999,369.8091158,158.3144675,89.25927537932002,0.96702912,1.89208444,4.30831124,6.605088840000001,8.54004464,11.75236252,14.583624,21.80717,34.3951092,56.12909079999999,77.58566040000001,99.8459116,104.3144088,102.0509712,86.4070272,69.82739980000001,52.3991358,49.8587538,46.97836860000001,43.849553,41.98205840000001,39.4299164,31.971387,25.6937564,24.1748566,21.7660954,19.48052160000001,19.1683024,19.5816008,19.1453344,18.6929326,18.5232374,19.0138326,20.1818348,20.7355962,21.5034138,22.735276,23.11926080000001,23.2137792,23.9576264,25.01962300000001,25.9748118,27.9202564,29.3483904,31.1897216,31.5490114,32.323921,30.88735700000001,31.2463552,30.5519386,31.9881796,31.81095680000001,32.3893332,30.0013386,28.817296,27.0537068,25.491819,22.04602340000001,19.3566122,16.4867564,12.8573952,10.235373,9.4319335,8.86108682,8.01706282,8.26472302,7.930330420000002,9.335351720000002,9.9181496,10.545461,10.5073408,10.5875712,9.2750444,8.78393286,7.37135834,5.748446699999999,4.337374099999999,2.97685692,1.661953664,1.540478944,1.137340604,0.7323041640000001,0.573112484,0.625777092,0.381175358,0.417591698,0.306142138,0.268939738,0.1803928828,0.1999576468,0.1209641828,0.1279153442,0.08277106628000001,0.3165731094800001,0.27455291948,0.25979642348
310122,747,WLOu,Waterloo LU,LU,JUB,NB,Jubilee // NB,30057.9849281,1255.26496,5240.295274,8014.857656,7865.589880000002,3686.157808,3995.819350099999,21.562158,47.118096,68.028882,106.100352,171.350316,217.576378,277.44278,346.0859980000001,388.9787620000001,406.9551040000001,423.9737940000001,444.9791940000001,461.6994500000001,490.9458480000001,490.805482,492.814496,469.469068,437.74648,380.499228,351.428368,327.869988,301.050762,280.95203,282.0886500000001,291.5912340000001,288.617614,293.4753080000001,301.002342,314.716636,314.8412080000001,316.067724,318.8873120000001,328.590298,328.2697440000001,330.9367360000001,331.217312,341.283694,339.3579180000001,347.733014,361.000214,390.057998,402.353396,429.3941520000001,453.5023720000002,486.267784,515.7759900000002,555.7021500000002,617.940916,677.3682200000002,724.45254,748.5193260000002,763.91697,745.932944,716.733244,676.128464,636.8513320000001,575.398232,492.625466,418.522142,352.95271,292.3760880000001,254.07708,233.84755,216.277278,203.157984,202.376286,213.300068,231.246924,257.250192,305.7871540000001,380.0181620000001,482.950456,529.431182,500.246814,440.02996,349.172408,203.7177626,111.452498,80.49472540000002,56.599587,33.34587500000001,28.5653052,22.300463,24.2546614,22.4032482,20.03847846,14.54377366,14.00180366,10.29674866,11.16440346,13.3485776,19.1878946,18.3787686,19.2378888,15.6640236,11.9365352
310123,747,WLOu,Waterloo LU,LU,JUB,SB,Jubilee // SB,11609.544304,347.8195077,1595.193662,3111.732843,3280.84655,1670.5872998,1603.364441500001,0.92829934,7.949933340000001,14.11086094,23.82747554,41.28927954,66.0124802,85.51263019999998,108.1885486,131.30199,138.389288,141.516538,144.8231180000001,151.09023,144.61665,146.834364,138.405962,132.813748,115.171404,110.044866,100.185504,99.92622500000002,94.800551,98.421819,95.425461,100.457375,101.106118,106.054908,107.855396,114.8492528,117.599486,121.51989,121.151044,126.21798,128.1414012,130.681192,131.923754,137.60519,138.831236,142.5948100000001,147.251228,162.73677,177.839614,195.624394,213.117748,227.061308,243.85422,251.467032,267.69804,276.378594,298.668016,295.128916,304.505498,297.404484,290.801278,269.0257560000001,258.853408,236.987416,208.62495,185.754034,162.9496968,139.2014018,119.5820238,110.672303,99.876335,94.89714340000002,94.4598824,104.6703184,112.9117952,133.3116572,145.333792,163.796228,175.392512,200.372232,180.968162,161.7109510000001,134.2979814,97.55946419999998,48.4036132,33.187078,24.204299,13.7251106,11.2182427,9.1998461,9.0141663,7.129013500000001,7.792199100000001,5.252140200000001,4.386251799999999,3.0167554,4.1054665,2.975741460000001,4.998005560000001,5.931141960000001,6.52041516,4.97497086,4.587004299999999
570522,752,WPKu,Wembley Park,LU,JUB,NB,Jubilee // NB,9870.003765299998,180.4692819,1339.2203234,1915.1066562,3124.09756,1850.9051264,1460.2048174,0.0,1.1255577,3.8753029,8.8981411,20.4722057,35.1774277,45.576281,65.34436579999999,83.01142480000001,93.6162942,117.8253722,146.8103932,151.5604552,149.675798,147.893986,124.186772,99.886286,83.70441459999999,76.0308106,65.01831659999999,60.2532952,54.64845720000001,53.8978766,51.7983526,53.0500326,54.0641188,55.57050480000001,58.23205479999999,60.7058876,63.81010560000001,66.4661348,69.45212980000001,70.82411259999999,74.1319738,77.4484978,82.3344878,88.22567579999999,95.307069,101.6454862,106.6914402,114.5104502,125.4178912,137.0443172,139.576304,164.86149,178.153124,194.229194,209.742368,237.007438,253.945408,269.510068,298.198512,312.77259,340.173622,340.152596,325.35115,290.7752400000001,259.316826,210.763584,176.109986,160.500804,140.03608,127.897464,114.99807,102.05465,94.346976,88.04508919999999,86.06035720000001,83.39304620000001,85.07343620000002,84.31652920000002,81.52673879999999,78.01124280000002,74.61628180000002,73.5030678,71.29280779999999,75.632857,74.852159,73.3231774,64.77579300000001,64.94475200000001,53.4371828,50.67534480000001,44.69184840000001,48.14140579999999,41.80529179999999,36.445491,25.921241,20.598315,13.04885,15.7515894,19.4909696,27.6163366,32.5662172,27.9382172,16.8146278
570523,752,WPKu,Wembley Park,LU,JUB,SB,Jubilee // SB,5564.372169405791,450.2394840000001,1538.227174,1671.591593000001,1291.355123,502.4077698000002,110.55102560579,4.577477200000001,12.2632832,31.2051612,43.8480032,55.4574042,73.177571,110.525161,119.185423,132.844981,145.18827,167.453804,148.79516,153.57302,149.67395,142.879894,119.643094,110.115565,91.718657,85.960171,90.380608,81.87138800000002,74.60535780000002,79.80222380000002,74.2433058,66.2645128,65.39105980000001,68.55943060000001,62.77839260000001,63.59244520000002,62.58467440000001,63.62008340000001,64.6289808,65.73207679999999,66.5700182,67.32506500000001,67.11845160000001,66.49369060000001,63.64120920000001,62.04004920000001,67.25162519999999,70.73977459999999,73.50740859999999,82.721755,90.508614,92.45834000000002,94.889261,98.67086500000002,98.63828199999999,101.201469,101.009515,110.526248,114.344312,123.432216,122.744642,123.135398,110.304575,99.16801700000002,77.48325500000001,65.46536760000001,52.289615,42.9314814,34.75073980000001,30.93027540000001,25.7799516,21.8656456,18.5397854,17.2270998,15.9765362,15.461697,13.304347,13.2519214,12.0034112,9.88565654,7.33718354,6.908528039999998,5.40105514,4.95860714,4.07625492,4.089285,3.273745840000001,2.298965872,1.146892364,1.124960438,0.6994135380000001,0.7801825980000001,0.7145720660000001,0.6865895141280002,0.5523837927280001,0.6335341727280001,0.336723010162,0.4174007621620001,0.417478550214,0.4110907115340001,0.184348894334,0.1843362569,0.0104603049
110922,757,WHMu,West Ham,LU,JUB,NB,Jubilee // NB,5597.704523401161,131.614768,615.8431614,1342.5783226,1891.842200000001,1153.7332934,462.0927780011601,4.6826648,5.482981400000001,7.769755,10.6922308,17.5726918,19.5987452,27.4491138,38.3665852,51.2681534,50.414029,59.1267838,65.7395966,68.91439559999999,65.8188936,64.594143,58.8742334,46.5521354,34.63468760000001,25.858061,24.048049,21.7020346,21.6608952,23.8006784,26.6995466,29.1322568,33.7686498,39.7460852,46.23064580000001,49.21198340000001,57.18195420000001,59.41901120000001,64.52286720000001,63.86748720000001,69.8972892,67.4403032,72.77992320000001,74.47800720000002,75.8072144,70.2162032,68.1619304,63.41253640000001,68.63921140000001,82.19285020000002,92.60875820000001,112.380243,130.253545,145.676356,152.74738,169.882276,176.048106,176.914296,181.278326,179.325986,173.370158,153.569214,140.396314,112.61048,106.466006,91.497136,83.95357200000002,83.80601999999999,94.724674,89.74884700000001,97.446901,106.0873562,104.6122022,96.3279234,86.45217560000002,78.52740959999998,69.66231100000002,64.96334300000001,58.51439720000001,50.29229900000001,35.4944532,29.3071812,20.79233,12.6206175,10.3848049,9.594887020000002,6.137238720000001,3.49242764,2.670066012,1.955186592,1.012330332,1.077403102,0.9232732420000002,0.993625678,0.7507778850000001,0.656738391,0.4625853210000001,0.4146833810000001,0.316086247,0.3474060600000001,0.3028412327200001,0.3028412327200001,0.12323331272
110923,757,WHMu,West Ham,LU,JUB,SB,Jubilee // SB,20294.9617311,542.929164,1856.545625,3937.13314,7583.961138000001,3449.587836000001,2924.804828100001,5.177817600000001,14.8324448,44.06430280000001,54.06239160000001,78.22589560000002,93.062378,122.8866668,130.6172668,163.288646,174.958776,193.035052,188.882864,195.948506,183.205122,170.190954,153.55457,139.13747,109.600143,94.006193,90.737329,82.452763,79.9132018,77.33009940000002,82.59057340000003,84.68296939999998,95.8332104,98.0265216,113.588263,117.257369,126.303143,126.741678,141.216792,143.922782,159.1015200000001,161.324238,181.432948,184.71746,209.022606,207.41707,239.738576,245.77892,287.351808,317.399086,373.989542,424.1981960000001,492.232794,560.8102220000002,616.800462,689.1333900000001,725.824808,754.0784820000001,753.2559620000002,725.8624080000002,679.574238,610.3742940000001,551.815882,455.970422,418.80606,345.442046,327.040978,280.686462,285.387002,243.496178,245.001258,215.084146,220.003262,196.065574,216.604448,205.575716,234.94298,228.630504,260.0291759999999,250.994572,267.7979680000001,241.802982,235.86789,201.500846,201.553156,168.205178,134.5935766,103.2127576,75.0874632,32.5657516,13.81360768,11.49726968,9.81777748,8.34325188,5.23905748,3.953319400000001,3.6538154,2.56928426,4.44516246,4.8838681,6.18565338,4.42587478,3.61636912
230622,758,WHDu,West Hampstead LU,LU,JUB,NB,Jubilee // NB,7316.252920659999,166.362657,1025.3887894,1650.1329956,2225.960938,1215.18645,1033.22109066,0.0,1.792608,5.635580600000001,8.8961066,16.9935836,30.3302136,44.5304816,58.18408299999999,79.0825262,95.64037320000001,102.2523432,104.8570392,107.4914012,104.4048868,91.8149262,85.89672940000001,77.19878140000002,68.5212654,55.54653060000001,52.68198660000001,48.29972800000001,48.8068834,46.1689304,48.01564639999999,48.297595,48.7167724,48.30922620000001,50.1422552,50.9479092,55.5895312,57.6273118,59.68006980000001,62.11681379999999,65.98420180000001,65.3459718,69.37394920000001,72.81021400000002,77.02682800000002,78.411416,86.64622600000001,93.028354,107.48549,122.669522,138.63215,153.221294,171.909466,177.098464,186.613506,191.990442,196.707352,188.94789,196.449798,190.732256,199.418352,189.23018,183.641938,168.523594,155.30547,125.413244,111.58072,99.203864,89.28024599999999,80.86176400000002,79.067346,75.581799,77.10370300000002,74.58852800000003,78.67617200000002,84.86832520000002,89.98543220000002,90.1583022,94.0182072,94.51563320000001,87.84402399999998,81.21507920000002,76.76746860000002,63.5590486,50.95881660000001,40.44367800000001,30.1688052,21.0037486,16.7892642,13.2365555,11.5296183,13.6220975,12.4823767,10.9662151,7.8873058,7.865252799999999,5.369624,4.473996120000002,5.25959332,6.581009980000001,5.279677420000001,3.94875662,2.423178500000001
230623,758,WHDu,West Hampstead LU,LU,JUB,SB,Jubilee // SB,2587.582527550999,196.23837468,851.2775924,644.3826936,506.399995,212.5822568,176.701615071,3.29370132,6.13663792,10.30101332,15.64855132,26.9111648,35.7311826,43.0537748,55.1623486,74.53483059999999,71.8757442,82.4954328,86.49877000000002,89.81678000000002,77.85320540000002,80.74966579999999,69.481703,67.163605,57.7405778,49.4548252,43.61245260000001,37.38846280000001,29.6220718,23.4031606,23.965886,22.5956754,21.8149928,21.2726472,21.79638000000001,21.0235174,21.83849,22.634794,24.2259168,24.88887980000001,25.8655052,24.675895,25.9999438,26.598378,27.3691518,28.12306540000001,31.0258848,31.9591554,31.748787,33.6534846,40.892568,43.5844998,45.1552544,48.1129224,48.7847956,44.7748896,42.65554840000001,41.57840640000001,41.6624976,39.37742679999999,38.4367896,37.217063,35.05990139999999,30.2650748,27.7605288,22.4165522,19.456274,17.1479832,15.4165774,13.4044918,12.6193696,11.2366536,12.3013214,13.0787076,17.4787224,19.445692,21.2298708,23.5247354,25.6607974,20.4666634,17.00955576,13.22144546000001,7.4149522,2.57055818,1.805974628,1.293989968,1.0348088112,0.4982237412,0.4150010542,0.4137344062,0.2810414402,0.4166575570000001,0.426587767,0.404009474,0.314364408,0.36399907,0.22930139,0.1415358260000001,0.18114333,0.250985816,5.914678820000002,5.90106464,5.870242323999999
20922,761,WMSu,Westminster,LU,JUB,NB,Jubilee // NB,19668.5573206,809.151464,5309.89205,6899.362914000002,3696.341262,1774.444184,1179.3654466,7.668420000000001,12.631554,28.4854388,62.72067080000001,107.1210128,148.3681568,197.7780828,244.378128,291.2227420000001,340.2227400000001,376.83253,434.525278,498.445248,535.539722,538.5770460000001,536.975362,509.1261940000001,463.66781,409.5075160000001,375.249862,356.431312,329.830732,302.330804,298.280768,299.830524,295.21003,295.177418,300.47601,304.319472,298.872066,291.9324160000001,291.2933040000001,288.715532,277.489184,273.406152,274.385822,272.714576,269.108264,265.819086,255.065596,260.947914,258.900868,265.585378,273.239686,289.955604,289.389252,289.42918,303.040562,311.766954,322.533054,323.1575180000001,335.834496,321.941728,320.725394,302.806298,285.7612220000001,258.845542,229.410078,194.12691,166.750782,148.846914,130.1453,121.24365,111.507108,106.638546,100.317376,103.498038,103.11394,110.490884,108.71032,119.495196,130.110026,132.38917,126.095305,119.8647318,99.52708659999999,69.33804460000002,49.14525620000001,29.616553,18.148636,9.5067233,6.89303904,5.10881638,5.22766568,4.37519888,4.95295598,3.63453424,3.7970389,3.24297898,3.45929238,2.41552958,3.28603024,3.12524988,3.08039438,2.43153198,1.89725758
20923,761,WMSu,Westminster,LU,JUB,SB,Jubilee // SB,12142.978890349,403.436292456,3423.307024,4958.830966,2007.901306,885.3141912,464.1891106929999,2.852678314,6.546378314,12.482258514,24.912902514,44.75907840000001,72.69017020000001,102.7674062,136.42542,174.394638,202.088202,230.563574,267.941538,310.66062,325.0439780000001,342.086816,340.18803,336.18534,312.862984,299.5399500000001,281.751354,270.472186,249.853726,237.479716,230.753728,229.912414,229.622796,229.548672,222.66143,217.366176,212.066478,202.172404,194.705698,190.20955,185.427136,180.453928,180.07133,175.677412,172.976076,179.329882,185.382524,188.288694,193.680198,201.486006,199.232806,192.63718,190.490178,182.0122,174.4306240000001,166.021644,167.665546,159.865328,164.205894,156.7376080000001,157.492494,147.597026,148.745584,132.8950232,124.0074932,105.5934772,92.4230132,74.96738719999999,64.29472100000001,57.2878314,53.5317434,47.65545840000001,43.8096024,44.5355118,44.31292879999999,45.19904080000001,46.3905318,48.6443352,53.2933408,52.1049774,47.8800226,43.0579072,36.36245980000001,23.5166186,16.70915546,11.81473606,8.75467446,5.417753660000002,4.31706912,3.4778003,3.2298424,2.134217492,2.641482032,1.889225772,1.553493732,1.207854312,1.48537192,0.6323510480000001,0.7306314880000001,0.7499050740000001,0.653325477,0.213933777,0.127052909
580122,765,WLGu,Willesden Green,LU,JUB,NB,Jubilee // NB,7586.522345140001,50.9375328,444.4751304,1589.323485,2465.27692,1527.381016,1509.12826094,0.0,0.4090872,0.9594483,2.49063984,5.32263104,9.71505504,13.70054724,18.34012414,24.48084960000001,30.567999,34.79907040000001,38.7715824,43.73588179999999,44.1500236,42.75857620000001,40.3932676,39.18285820000001,36.7679388,35.371116,33.49596680000001,33.739479,33.55374500000001,32.4929464,32.86882960000001,35.86739960000001,37.25002139999999,38.58753220000001,41.80386280000001,46.1774964,49.35301740000001,52.99883460000001,58.25570580000001,63.03211900000001,65.3880962,67.68698520000001,73.25592320000001,78.33378520000001,82.3867972,87.60106520000002,97.1375312,105.3532152,113.7284192,125.164928,137.30575,151.374686,174.630866,188.357542,206.301034,223.197796,229.21887,224.204876,220.309716,222.037518,214.54717,209.27537,201.821476,194.391424,172.421154,154.5341628,138.5732808,123.5998278,115.5853238,106.7696878,104.1708658,102.0095078,102.6124238,104.5606378,108.1527198,113.704077,119.855653,121.909272,120.529884,120.29044,114.415125,109.9504362,101.6904362,91.6387982,82.3819922,66.21556960000001,52.64450040000001,40.90131540000001,36.51127940000001,26.1716201,28.0035567,21.9992689,25.7023627,18.1698547,15.36751,9.955533,13.1868478,7.9950268,10.8934674,11.82727506,13.63766366,7.93685866,5.642636860000001
580123,765,WLGu,Willesden Green,LU,JUB,SB,Jubilee // SB,1466.635519192852,46.0969066956,301.5512544,531.8158898,358.1389722,148.7795349,80.25296119725203,0.3062797034,0.6389156234000001,2.1553497234,4.449337785400001,6.889058740000001,8.50739342,10.4829315,12.6676402,16.765729,21.51819900000001,28.125382,31.6191412,33.4521452,31.3337412,28.5995574,24.2670404,23.0175592,21.7355422,21.2124492,19.9047684,19.5664148,18.6270608,17.290384,16.3519454,15.993079,15.772768,15.8720396,18.0012712,20.6183868,22.6806596,23.347463,23.87796,23.7236894,24.0295682,23.3804108,23.59713600000001,24.1205474,22.952074,21.7610928,24.086216,26.658684,28.049432,29.7869094,31.6706976,32.03765019999999,31.550095,31.3219402,31.8564274,32.64954960000001,31.8779894,31.4385454,30.6802656,30.264886,27.1684328,25.1850534,22.10813720000001,20.6200692,17.5922716,15.9437842,14.3207798,13.8299972,12.2475044,11.22088986,9.78845622,8.949920819999997,8.11432942,7.69408982,8.45744236,9.128632199999998,9.627787800000002,10.6903358,10.6364766,9.17422746,8.14523226,6.68259906,4.26935,2.73248782,1.948037408,1.337029816,0.6839142859999999,0.516976406,0.5015676360000001,0.5153992039999999,0.4381595380000001,0.4794076080000001,0.4012299479999999,0.327569098,0.362889386,0.362393122,0.2532597437,0.1648346437,0.1879708869,0.2076676229,0.1728818224840001,0.171838460784,0.132805560784
