ID,NLC,ASC,Station,Mode,Line,Dir,Platform,Total,Early,AM Peak,Midday,PM Peak,Evening,Late,0500-0515,0515-0530,0530-0545,0545-0600,0600-0615,0615-0630,0630-0645,0645-0700,0700-0715,0715-0730,0730-0745,0745-0800,0800-0815,0815-0830,0830-0845,0845-0900,0900-0915,0915-0930,0930-0945,0945-1000,1000-1015,1015-1030,1030-1045,1045-1100,1100-1115,1115-1130,1130-1145,1145-1200,1200-1215,1215-1230,1230-1245,1245-1300,1300-1315,1315-1330,1330-1345,1345-1400,1400-1415,1415-1430,1430-1445,1445-1500,1500-1515,1515-1530,1530-1545,1545-1600,1600-1615,1615-1630,1630-1645,1645-1700,1700-1715,1715-1730,1730-1745,1745-1800,1800-1815,1815-1830,1830-1845,1845-1900,1900-1915,1915-1930,1930-1945,1945-2000,2000-2015,2015-2030,2030-2045,2045-2100,2100-2115,2115-2130,2130-2145,2145-2200,2200-2215,2215-2230,2230-2245,2245-2300,2300-2315,2315-2330,2330-2345,2345-0000,0000-0015,0015-0030,0030-0045,0045-0100,0100-0115,0115-0130,0130-0145,0145-0200,0200-0215,0215-0230,0230-0245,0245-0300,0300-0315,0315-0330,0330-0345,0345-0400,0400-0415,0415-0430,0430-0445,0445-0500
30122,511,BSTu,Baker Street,LU,JUB,NB,Jubilee // NB,10747.49418489643,160.78840218,1276.8353552,4959.849407999998,2714.06917,1159.0229782,476.928871316429,2.35149542,5.21839442,7.309479619999999,12.39295992,17.6730674,34.3068162,34.56507420000001,46.97111500000001,50.40365320000001,58.53751900000001,59.3983198,75.2370088,83.22824279999999,97.6322568,109.5279108,122.5338,138.827778,151.097722,160.589324,169.82182,173.855004,173.175632,176.316184,180.024336,187.081088,193.51194,198.897356,200.24326,204.577524,211.225516,222.308908,227.673692,232.14399,233.459368,224.874648,208.828688,207.769246,205.253984,200.684794,200.322194,210.236548,216.526706,231.530438,239.328364,248.61605,250.600158,251.25823,243.481346,249.73776,248.335236,238.304778,227.529596,213.400852,193.1871,181.280224,168.33784,152.472375,140.121961,131.120247,112.014315,103.0257822,95.1101452,86.99922120000002,77.73210720000002,73.12912180000002,67.0155306,61.14684200000001,59.13533,60.498964,60.7584894,65.5258054,70.78705400000003,65.654415,55.9113158,45.3735684,29.7954524,13.7417364,7.0493254,1.8326506,0.0,0.0,0,0,0,0,0,0,0.0,3.549520600000001e-06,9.692862e-06,1.1228836e-05,1.54665026e-05,1.7651459e-05,1.69166352e-05,1.07732938e-05,9.2373198e-06
30123,511,BSTu,Baker Street,LU,JUB,SB,Jubilee // SB,6658.883310812254,95.33552321040361,838.4822498000001,3879.270608000001,1273.147029,480.6299564,92.0179444018504,1.3348124968012,2.0045880368012,4.507354636801201,6.37189586,14.35895444,16.33928914,22.1419586,28.27667000000001,38.8209104,37.33153239999999,41.65069800000001,47.97685139999999,53.2354414,53.9858934,61.09290040000001,74.44113540000002,88.216851,100.018781,112.928909,128.782346,141.497086,147.292078,154.244352,163.308192,174.420332,179.245176,185.797382,194.725028,200.254736,196.279394,195.205478,189.750808,182.382516,172.138396,165.148424,155.945614,150.531418,142.794552,138.074046,132.586216,130.562678,130.491478,129.267241,127.327987,126.9514,122.091548,114.439025,108.605418,107.397874,103.9364162,102.1849342,102.1883572,103.9045752,99.98404920000002,93.643576,87.81985600000002,79.00142060000002,67.694175,57.192827,52.3372354,44.24482740000001,38.05383939999999,32.4167654,28.6438076,23.4307488,21.12340380000001,18.7009654,17.78994059999999,16.391422,14.11954,13.2033472,11.25259492,10.31985432,8.989592920000002,7.221561320000001,4.920665120000002,3.9709332,1.6278842,0.0,0.0,0.0,0,0,0,0,0,0,0.0,4.970555400000002e-05,6.404630600000001e-05,8.621897400000002e-05,9.5009346e-05,0.0001092196172,6.52854084e-05,5.094465639999999e-05,2.87719884e-05
360122,787,BERu,Bermondsey,LU,JUB,NB,Jubilee // NB,2644.330877961565,109.01714804,286.7443426,1143.775631,621.0782968,333.4627976,150.252661921565,7.03058426,7.967248179999999,9.96935198,8.352454980000001,14.99613112,17.38204352,20.2142696,23.1050644,24.44348,21.098776,21.0573428,20.9715782,21.338861,22.3524368,23.2450118,24.65298240000001,25.7377174,26.6401036,26.9275556,28.278497,32.2311314,34.433319,36.48401200000001,38.88131079999999,41.474412,40.225863,40.7924018,40.07306060000001,40.8965958,42.65337520000001,44.1328372,47.29105240000001,50.40060200000001,52.301641,51.990896,53.108464,54.192042,55.07048500000001,55.639976,57.45826960000001,58.46393560000001,58.19180100000001,59.45735980000001,57.9307878,56.74624720000001,55.6502522,54.81195080000001,52.5423684,52.8406794,51.5417338,50.5187114,51.1581908,51.11952520000001,49.83626820000001,48.63391000000001,45.6784594,41.06700160000001,37.0016432,33.5347144,30.38755860000001,28.4541562,26.918227,25.04040100000001,23.5970906,23.3112954,22.6213938,20.9557002,20.5736156,20.733414,20.5607364,20.19980480000001,19.26016700000001,18.1996324,15.29090746,10.53042886,6.77102446,4.21631946,1.16290026,0.0,0.0,0.0,0,0,0,0,0,0,1.5579588e-05,3.26511e-05,3.936629520000001e-05,4.92115222e-05,5.2876709e-05,4.385662599999999e-05,4.442372185114,4.4423654699188,4.4423556246918
360123,787,BERu,Bermondsey,LU,JUB,SB,Jubilee // SB,4441.40594920578,32.51738294,225.53658516,1457.3660412,1334.549694,958.9686370000002,432.4676089057802,1.32557078,1.7724845,2.43268366,2.71734162,5.22315796,5.135816960000001,6.800457440000002,7.109870020000002,9.608673540000002,10.33769334,13.02834774,15.50031174,18.3836324,20.1365658,20.50132,21.5998772,22.270759,23.9468892,24.255238,25.9672772,27.6640378,30.0188992,32.2134054,35.5128622,38.559009,41.09829420000001,42.2618394,42.67264660000001,44.1104052,50.47076660000001,56.28737200000001,61.4093744,68.10780940000001,73.78236079999998,72.99502,73.02548399999999,74.064999,75.43626400000001,77.658132,79.93668000000001,82.824506,88.319372,93.01719,95.919312,99.299768,104.14583,106.336368,109.059492,112.02399,111.926386,112.7382532,113.6963132,113.7530312,113.5434862,120.4546402,117.572136,111.633436,102.759598,94.305679,82.944479,79.11909200000001,75.82072,76.43620800000002,74.73406920000002,70.7584806,65.0475272,63.49847000000001,61.910878,61.1085,61.6812736,59.460241,56.01528100000001,50.8572184,45.8202352,36.886804,28.300932,18.9542332,10.2765018,3.064553800000001,0.0,0.0,0,0,0,0,0,0,0.0,0.0024653994,0.004051354799999999,0.006170286200000001,0.006983738080000001,0.008294287380000001,0.00638689404,0.004800938640000001,0.00268200724
30722,524,BDSu,Bond Street,LU,JUB,NB,Jubilee // NB,17621.17601091011,212.12648902,1550.8342994,9433.107512,4191.147802,1727.3211326,506.6387758901,5.270253540000001,8.691921540000001,15.85268194,21.7518144,35.504149,37.31820579999999,41.60875320000001,46.1287096,61.1254272,67.4254212,81.8719262,95.0604188,108.10545,110.74425,121.53149,135.67806,153.922436,180.694436,203.636564,231.03842,250.892408,279.3452,295.665812,321.5044240000001,343.7258300000001,379.37605,397.8594000000001,421.0001900000001,447.33153,462.569554,474.431974,470.1759680000001,466.1546420000001,441.54962,424.6923860000001,397.741296,395.9207960000001,388.1783820000001,388.0229700000002,383.6780200000001,384.72743,398.381694,405.079698,415.1022380000001,417.452492,420.385206,407.534062,396.644932,385.2394240000002,371.278524,356.1843340000001,325.1395680000001,303.4984740000001,280.1927460000001,273.8132840000001,253.784756,242.886522,223.87032,203.79792,170.9219332,148.9542772,133.2042452,119.3562732,109.0559182,100.791309,98.289633,92.27273100000002,83.92005060000002,79.51404160000001,77.2329116,69.82470860000001,69.5143906,62.4948322,53.1338816,41.56326779999999,29.8479868,13.0603988,7.933621599999999,2.3548522,0.0,0.0,0,0,0,0,0,0,0.0,0.001490214,0.00195351368,0.00267615122,0.00525721082,0.01681407082,0.04578018882,0.04531688914,0.04459425160000001
30723,524,BDSu,Bond Street,LU,JUB,SB,Jubilee // SB,10806.5080167565,208.58855642,1258.5010066,6411.063844,1880.5477932,831.4553030000002,216.3515135365,6.27377034,8.74256834,16.56184934,21.0910034,33.3552838,34.73675540000001,42.156283,45.6710428,53.67174120000001,59.89270920000001,71.59119940000002,76.42095700000002,85.66230420000002,94.0233962,97.9124254,106.3237304,127.2488692,146.2933932,161.1332332,178.327048,196.32947,213.352618,225.402212,236.70854,259.090228,274.386428,287.346986,290.602206,314.1742139999999,321.4603160000001,324.3198500000001,319.696254,316.126888,306.753584,288.530426,280.261336,270.254464,267.76624,248.456814,237.648734,234.315714,233.303668,236.575252,228.201402,223.184922,207.0559220000001,187.984844,166.02698,159.335644,151.208524,144.437248,137.03095,131.433054,130.572382,125.685652,116.5916712,109.3673272,100.615138,86.30549200000002,77.373602,75.1516708,67.8254368,61.91728639999999,58.55587560000001,54.2104728,46.4338534,46.14743660000001,47.5517114,45.6153008,39.3923976,36.3721024,32.02838180000001,21.8964389,15.6312298,11.6840638,6.9407864,2.6144638,1.4195115,0.0,0.0,0.0,0,0,0,0,0,0,0.0,0.001461174,0.00189496292,0.00256453612,0.00347239802,0.009811884620000001,0.91305631062,0.9126225217,0.9119529485
360322,788,CWRu,Canada Water,LU,JUB,NB,Jubilee // NB,8498.707408429449,176.06557424,786.3624542000001,4060.982693999999,1930.2286104,1067.0345486,478.0335269894462,11.32266926,14.24642486,19.45605086,19.49817246000001,25.8031708,24.1074704,31.64399,29.9876256,33.8123532,34.5333912,40.5507102,39.490554,52.3593994,55.90650180000001,65.9097526,71.9013516,89.17309259999998,93.2853606,103.656325,105.783662,120.63857,118.00201,126.112797,131.655457,146.686932,152.149118,159.66043,162.249502,169.458086,171.618996,177.687612,180.131668,187.54542,191.554998,190.112136,185.633444,188.255706,187.765852,182.70579,180.61836,181.12578,186.144704,191.236868,192.232458,190.534316,186.47468,176.965262,164.902998,163.540138,161.020842,156.242054,158.668364,155.655772,145.667354,138.8627472,131.6940832,118.2948432,109.2923312,103.2893182,100.581273,96.93859379999999,90.88682779999999,86.83723780000003,82.40990079999999,76.4866588,69.36578700000001,66.62858299999999,66.02319399999999,69.79890400000001,69.064424,69.13325420000001,71.8591222,66.2214472,52.10400139999999,38.22267539999999,26.85627220000001,11.7698682,2.8895942,0.0,0.0,0.0,0,0,0,0,0,0,9.067167999999999e-05,0.000151911786,0.000202235516,0.000240987776,0.000271073494,0.000205880308,0.037646876202,0.037596552472,0.037557800212
360323,788,CWRu,Canada Water,LU,JUB,SB,Jubilee // SB,16574.81645826101,87.014513978,768.5353768,5964.144992,4945.451564,3353.781118,1455.888893483014,3.735667326,6.952670526,8.841084326,11.4203566,12.2003972,14.2405578,12.888278,16.73550220000001,22.4886226,27.116957,31.085763,40.69154560000001,47.26008760000001,51.0029826,62.08017340000001,74.40434499999999,88.44937900000002,98.356466,111.287609,114.311446,123.398404,128.994726,143.345067,154.282129,176.228276,194.189284,206.230218,215.568266,221.471394,235.76137,247.312488,264.684132,276.8324,293.15951,291.17757,288.09352,284.300964,284.8520140000001,285.467828,290.7528680000001,301.222358,325.45124,351.97259,379.396376,394.27033,408.9166240000001,405.099572,404.036194,399.867266,410.550978,407.44645,425.840456,425.73218,427.6605480000001,416.216196,419.8147700000001,391.205138,371.166796,344.342084,327.3396520000001,297.3206,274.446794,254.819608,240.35319,223.12317,213.881946,209.217114,206.565026,206.19185,206.698682,196.492858,199.913104,177.564578,152.40348,125.688895,93.699035,50.88933900000001,31.606811,14.388655,0.0,0.0,0,0,0,0,0,0,0.0,0.0,0.00029123164,0.000389247206,0.057247393206,0.057308056352,0.079017011152,0.078725779512,0.078627763946
80722,852,CWFu,Canary Wharf LU,LU,JUB,NB,Jubilee // NB,8041.197007420045,351.8790294,941.7996135999999,4170.196459,1551.506327,761.4867784,264.328800020043,11.9622102,18.2265882,21.0285982,39.627252,46.26721200000001,65.70713380000001,70.2404982,78.81953680000002,65.11722400000001,67.861914,55.25215900000001,57.1517906,63.541054,70.93818399999999,72.974502,80.5775828,93.0445718,99.9137558,104.8715678,110.5553078,121.837729,125.40081,129.310038,139.941818,157.59851,169.761266,176.505078,185.181254,190.663998,195.38797,192.513788,195.348184,199.160896,201.609258,193.701356,192.726844,194.33071,189.217018,180.099084,175.478588,172.312862,166.519702,164.317322,161.272376,156.79701,150.497688,141.793892,133.34524,131.011406,129.052883,126.142911,125.4100182,122.4646242,117.2669622,112.3614412,105.3622512,95.48008000000002,89.44791000000002,80.24327100000002,74.588627,69.88819840000002,65.141703,58.390174,55.01161020000001,49.60120420000001,44.7587358,40.2509622,38.6843026,40.4450574,41.70036740000001,40.64968540000001,38.5749394,34.7489168,25.5985904,15.5611444,8.8110254,5.342542400000001,1.1914296,0.0,0.0,0.0,0,0,0,0,0,0,8.919509200000001e-06,1.1601165e-05,1.7872475e-05,2.10334348e-05,2.49774454e-05,1.714114020000001e-05,3.9016718594844,3.9016655881744,3.9016624272146
80723,852,CWFu,Canary Wharf LU,LU,JUB,SB,Jubilee // SB,18581.47166343221,205.94831484,1204.9733284,7523.23487,5012.318020000001,3182.080844,1452.91628619222,4.92164528,12.39422228,14.63444928,24.1143138,27.1869532,37.2143424,36.1888738,49.2935148,54.00535479999999,68.6598372,77.4012252,87.28062880000002,86.8760688,93.8721788,95.34198,99.8507432,112.3138592,129.9495112,142.9643732,156.457568,171.817426,185.831366,197.077042,212.235676,232.852382,250.720194,267.502206,285.702634,299.6407020000001,317.760056,332.78751,347.207496,358.75472,369.331324,364.818574,361.71911,361.82851,357.446068,354.591716,353.141574,363.211278,371.067478,395.516258,410.67357,431.07796,431.118864,429.488568,418.236176,418.0513800000001,410.0445,411.865532,414.5429820000001,415.748732,410.1791220000001,413.36069,408.603514,390.352126,359.417682,328.972074,291.974286,266.71593,242.339068,233.92046,228.237244,223.881082,210.278656,206.089182,199.903054,193.988444,182.392162,172.442818,175.365214,168.312124,154.997192,144.920614,116.290536,77.16754399999998,46.17083,20.846762,0.0,0.0,0,0,0,0,0,0,0.0,0.0,0.0007520658800000001,0.00098990546,0.00136798386,0.00154213704,0.006378690440000001,0.005626624560000001,0.00538878498
120322,884,CNTu,Canning Town,LU,JUB,NB,Jubilee // NB,9036.692690024345,77.59424614000001,690.4456976,3826.943789,2465.713414,1456.338628,519.6569152843426,6.477809560000002,6.78345962,7.68674702,5.826209020000001,8.25779606,9.225569860000002,13.9066352,19.4300198,20.5455304,27.1778038,33.2232504,41.176689,48.225855,57.219963,61.794208,72.943308,77.17639399999999,78.235078,84.43655999999999,88.29105799999998,92.239416,92.865054,99.765742,101.273402,108.907472,109.282182,116.663817,121.666561,130.186453,139.162195,155.662819,166.177986,177.884722,183.910978,189.581988,187.816492,191.59843,191.855098,198.249586,200.201196,208.036418,216.15464,223.962068,223.839074,217.821922,214.885146,207.35935,201.572988,203.387152,208.683154,210.03468,214.376322,211.747658,202.101158,193.855168,179.888716,166.450202,155.788854,143.267176,137.654482,128.889908,121.028884,114.522125,113.962652,101.81561,96.38818120000002,88.95751200000002,87.61304179999999,82.83511680000002,80.0237518,83.17603659999999,77.51312379999997,66.068789,49.697155,37.145884,17.855414,7.836848000000002,0.0,0.0,0.0,0.0,0,0,0,0,0,0,0.0,3.853172600000001e-07,4.934740060000001e-07,7.532312460000002e-07,8.968685180000002e-07,1.643285096868518,5.287169711551258,5.287169603394513,5.287169343637274
120323,884,CNTu,Canning Town,LU,JUB,SB,Jubilee // SB,18671.26149481199,316.4870758000001,1293.7194132,5431.002961999999,5134.165034,4011.069466,2484.817543811983,14.5830987,20.6280835,33.22023950000001,39.41478130000001,52.71690840000001,48.05233200000001,55.02490320000001,52.84672920000001,69.21679060000001,75.97482760000003,94.84173,98.79413700000002,114.053363,111.804783,112.700019,110.405749,124.878972,121.606408,128.484408,130.958226,138.00656,134.941496,143.559128,143.979486,150.65125,150.297866,156.26662,158.970258,171.991028,188.711564,213.927798,231.598226,252.452448,263.820946,268.312392,265.046104,272.21442,270.085784,274.690264,277.60435,291.16896,306.249276,341.578056,364.878682,398.426966,411.48089,419.8313660000001,408.790914,420.5861940000001,412.0132700000001,421.8673660000001,419.3187820000002,437.910314,445.886398,471.732622,466.3199520000001,466.32124,436.4072,399.2472760000001,350.986696,333.992576,311.28333,300.727738,290.330546,289.245046,280.494946,277.179052,274.85382,283.715192,279.499522,273.679916,285.8571560000001,274.0209,267.68726,260.91641,221.042104,154.820888,114.124648,58.56758800000001,10.879508,0.0,0,0,0,0,0,0,0.0,0.0,0.00040497692,0.00085719344,0.001021786952,0.001273886952,0.00138537936,0.0009804024400000002,0.00052818592
590222,537,CPKu,Canons Park,LU,JUB,NB,Jubilee // NB,1763.501395472217,22.35320438,115.85625128,545.3688678,539.8614776,374.1600761999999,165.9015182122167,0.32429418,0.6181416000000001,1.6853244,2.19493832,3.29507024,3.9643352,5.161989780000001,5.109110660000002,6.461383660000001,6.658871760000001,7.35726338,7.210650579999998,8.4549815,9.2069457,10.3836023,11.2493982,11.7696264,12.2268064,12.1810704,12.695651,13.4078362,14.4769182,14.3604542,14.4245882,14.6730984,15.1151892,15.3808434,16.3801628,17.4241598,18.1933102,19.8646274,21.5109674,23.5244054,25.0677434,26.02142000000001,25.4543144,26.8329446,27.07295,28.2458458,29.2909436,31.50782580000001,33.8121074,35.89516800000001,37.431044,39.17807500000001,39.98426439999999,39.435498,40.03298839999999,42.517045,44.2704294,44.81893060000001,48.10518020000001,48.51908640000001,51.84547979999999,50.0476512,51.1068492,46.13306040000001,46.0680078,37.7667052,34.391392,31.352254,31.2203344,26.4433984,25.2550218,25.5857946,25.2779574,22.41227940000001,22.2538708,22.5136788,21.1138864,18.5054294,17.74389320000001,17.2124328,15.4009216,14.1966846,12.5595396,10.8909118,7.476198800000001,4.760239200000001,2.6621682,0.8650382000000001,0,0,0,0,0,0,0.0,0.0,0.0,5.6387712e-05,7.2741012e-05,9.801565399999999e-05,0.0001082851836,0.0001082851836,5.189747160000001e-05
590223,537,CPKu,Canons Park,LU,JUB,SB,Jubilee // SB,26.746514405,0.02673761,3.527146222000001,11.014983968,7.317161178000001,4.3046033336,0.5558820934000002,0.0,0.0,0.0,0.0,0.0,0.0,0.0,0.02673761,0.070796148,0.105473472,0.1799430800000001,0.2658703160000001,0.3649154060000001,0.370594458,0.400316508,0.42692604,0.374850932,0.312737332,0.34150453,0.313218,0.35365476,0.454256792,0.514441492,0.5283587479999999,0.6734682359999999,0.646258616,0.580588246,0.55369492,0.5721901760000001,0.481549024,0.498474104,0.488349784,0.51876275,0.506968516,0.519212796,0.455448496,0.450106894,0.3924188000000001,0.3559285940000001,0.289143658,0.283563702,0.259132876,0.287272354,0.351739634,0.41535151,0.373531572,0.3857193840000001,0.322841174,0.256644226,0.367229806,0.7025528600000002,0.9871103060000002,1.024517652,1.000637832,0.8143580380000002,0.6666668179999999,0.5741824180000001,0.6627838180000001,0.6775562500000001,0.6936670659999999,0.5327255500000001,0.314596152,0.1536407919999999,0.146996878,0.146489326,0.135468922,0.1282465154,0.1382496462,0.0963812402,0.0568197902,0.0210827102,0.04958105080000001,0.0586446888,0.07300565080000003,0.07300565080000003,0.07300565080000003,0.0367112148,0.017644446,0.0,0.0,0.0,0,0,0,0,0,0,0.0,0.0,0.0,0.0,0.0,0.0,0.0,0.0,0.0
580322,558,DHLu,Dollis Hill,LU,JUB,NB,Jubilee // NB,2225.512956974373,29.83712754,90.57926184,634.8166646,693.3287654000001,512.3432542,264.6078833943727,0.87732184,1.71575234,2.55465634,4.15017302,4.7071439,5.34201686,5.06857832,5.421484920000001,4.70267264,5.32976964,5.128065060000001,5.804633180000002,5.968989520000001,7.128156520000001,7.542635720000002,8.551660820000002,9.46391374,10.0994298,10.171669,10.6876662,11.8784948,12.5253178,13.478964,14.160136,14.3085278,14.3495098,15.1949658,16.9391298,18.7383592,22.3420506,25.7223244,28.9521548,31.210446,33.340712,33.1773488,33.2005864,32.67564280000001,33.2080098,33.6461326,35.174533,36.2888782,38.51697539999999,40.95474539999999,44.83271939999999,50.04512620000001,53.7362292,56.69082400000001,57.57507920000001,57.45608040000001,55.10778880000001,55.69471579999999,57.282327,60.7610124,61.8755884,63.059662,64.04433200000001,61.3760446,55.36487460000001,52.2537126,47.59893820000001,41.4170482,39.1620836,37.6357136,36.3946028,36.08113839999999,36.1616504,34.02129900000001,34.8761482,34.0280838,32.9701506,31.787155,31.8705142,30.3413418,26.993718,25.5217696,20.9949148,14.853877,8.7848782,5.3023872,1.1566356,0.0,0,0,0,0,0,0,0.0,0.0,1.254001e-07,1.254001e-07,2.1406396e-07,8.40186716e-06,0.0008163261471599999,0.0008162007470600001,0.0008162007470600001
580323,558,DHLu,Dollis Hill,LU,JUB,SB,Jubilee // SB,525.7313200120533,11.91004062,72.07391776,239.36153464,123.22743462,57.46081096,21.6975814120534,0.3318138,0.54237408,0.76760092,1.15340988,1.26132728,1.892915,2.49627672,3.46432294,4.58895816,5.75235918,6.69506934,7.11044784,7.1816485,6.41495196,5.88408836,5.128855840000001,5.16904586,5.37421784,6.1719295,6.602345380000001,7.3287071,7.45603858,7.56456228,7.190276080000001,7.319030120000001,7.816055520000001,8.499845520000001,9.14894032,10.07215192,11.1492908,11.3667212,11.041875,10.8658788,10.5272752,9.3962809,8.8806285,9.4537205,9.5196869,9.7076177,10.7899301,11.6922817,12.5241995,14.2889185,15.76162190000001,15.873988,15.4585146,14.0335284,12.1698466,10.07643014,9.04109546,8.472165460000001,8.54194146,7.74669718,7.82585452,7.372411099999999,6.614961699999999,5.980323299999998,5.87741584,5.548768900000001,5.282851200000001,4.95974636,4.74919736,4.780972159999999,4.34225848,3.92367568,4.08355192,4.171271920000001,3.760777840000001,3.46081864,3.63426484,3.35786156,2.7926307,2.5749006,2.17094634,1.54706754,1.00653762,0.5236704799999999,0.0,0.0,0.0,0.0,0,0,0,0,0,0,1.94334352e-05,2.49711404e-05,3.32161654e-05,3.64670448e-05,4.16984598e-05,2.44099632e-05,0.209574212258,0.209565967233,0.2095627163536
230522,579,FRDu,Finchley Road,LU,JUB,NB,Jubilee // NB,8446.134962305685,72.3191121,739.1868530000002,2648.1360294,2168.716136,1908.965214,908.8116178056875,2.87572546,3.86889086,7.03355406,7.89796672,10.7961874,10.3690478,13.5444738,15.933266,21.6568488,28.95104700000001,43.34012540000001,50.97945000000002,58.98572980000001,66.0801238,69.8475672,70.18388320000001,74.90046219999999,79.763696,84.7329908,89.76492879999999,94.0058868,93.86228179999999,93.46345680000002,93.424306,96.339352,96.042238,100.3471512,105.3513832,108.9665672,109.1457532,111.1246362,112.209781,110.535325,111.043148,108.8564948,108.1483378,107.8790778,108.8004618,110.0901828,116.646542,122.36053,133.263016,144.27315,151.95697,154.332258,158.22992,157.14865,158.404048,160.01072,164.326952,168.795356,191.269608,195.998602,210.226312,218.539876,231.433834,217.622948,213.221328,200.339788,188.819784,167.791434,154.14263,143.74248,135.510478,129.46039,124.367716,118.39683,115.549408,115.93835,120.666014,123.364368,131.130662,119.905272,109.028636,82.42433500000001,56.879943,28.747069,18.351821,2.375023,0.0,0.0,0,0,0,0,0,0,0.0,5.799929600000002e-06,9.6038686e-06,1.4918913e-05,1.70242408e-05,2.59469568e-05,2.147823368e-05,1.767429468e-05,1.235925028e-05
230523,579,FRDu,Finchley Road,LU,JUB,SB,Jubilee // SB,2414.807995799999,40.94168330000001,363.4499214000001,1309.0169164,441.8055688000001,204.0977158,55.49619009999999,1.47830332,2.58676612,2.96208002,4.76292022,5.08421092,6.315919800000001,8.245568500000001,9.505914400000002,11.77094,14.3788963,18.0881979,20.4336464,25.0696254,27.3327236,31.30553620000001,34.9890562,40.54151420000001,42.937758,46.8643696,49.73765760000001,53.04675880000001,53.4397042,57.32543860000001,59.68082420000001,62.7972852,63.3318576,64.7323596,63.86168780000001,62.77853260000001,61.236578,61.190332,59.6716934,59.6938232,59.0352252,56.5874738,53.63186779999999,51.0775816,47.276837,45.102585,44.062777,43.084052,42.5106322,42.5369838,41.32402579999999,39.7510848,37.91294980000001,37.857035,38.781167,40.942765,40.4636726,40.1077556,38.5379188,36.09961940000001,32.1873226,30.9508016,28.21347660000001,26.6957806,23.937899,22.5839848,20.733659,20.7348854,17.96917160000001,16.5100966,14.1799554,12.5510686,9.875750000000002,9.290284,9.0351808,8.914052,8.62130788,8.26587468,8.19891238,6.5658925,5.10700754,3.51808466,2.30019606,0.7786649600000001,0.46723004,0.0,0.0,0.0,0,0,0,0,0,0,0.0,0.0,0.0,0.0,0.0,0.0,0.9196558000000001,0.9196558000000001,0.9196558000000001
20522,590,GPKu,Green Park,LU,JUB,NB,Jubilee // NB,19932.5162226761,875.9682089999999,2765.890386,10040.152804,3756.111633999999,1777.435512,716.9576776761002,31.38407,43.953166,77.570238,94.685349,145.160111,144.535313,168.311797,170.368165,190.549594,153.3802132,172.7436672,179.4982552,185.1572472,187.9335732,217.390172,237.110042,262.691814,289.24181,325.180644,365.013354,386.167132,407.944726,425.7622240000001,437.7347360000001,443.720582,458.647864,453.8560700000001,452.555824,452.703684,451.72622,443.813622,446.28785,447.9424,431.947804,410.391578,400.510022,388.310442,378.398204,375.383092,377.009776,383.371516,394.01888,394.545436,397.40312,397.86142,382.064726,357.702318,344.303686,329.9063340000001,312.738738,296.700798,286.90548,274.026652,265.982024,261.212682,246.706776,231.115722,205.248108,187.086142,166.42243,157.447008,147.886676,143.264862,130.030696,116.002471,105.07448,93.966687,93.89023,88.24914720000002,96.25682619999999,96.97495320000002,99.6056122,93.2344742,91.09445799999999,64.12351000000001,46.106036,27.30253,13.848465,0.0,0.0,0.0,0,0,0,0,0,0,0.0,0.003216165,0.00445840412,0.00588990432,0.00628703922,0.01274119722,0.04432964822,0.0430874091,0.0416559089
20523,590,GPKu,Green Park,LU,JUB,SB,Jubilee // SB,13743.338537253,479.59618992,1941.2839916,7138.667914000001,2700.029378,1159.2968446,324.4642191330001,10.04200264,22.98844584,31.10820984000001,54.33624480000001,68.35812520000002,91.28310720000002,88.29556520000001,113.1844892,115.9919712,114.278204,110.337866,129.0570168,127.1205308,134.4461548,151.228752,169.367292,192.068568,214.332492,229.933706,253.121438,284.813986,294.8004180000001,305.288872,321.142878,322.7065980000001,307.8124820000001,307.612722,296.353492,290.595454,290.7618060000001,297.3800520000001,307.9594980000001,318.9547740000001,320.242226,318.990364,311.103088,297.93009,290.955524,274.905002,271.8988200000001,274.1129120000001,272.256324,274.399424,285.691108,273.422486,268.982466,261.096674,242.691962,234.691354,230.210226,212.390596,211.338406,208.381592,195.178544,185.137956,176.507116,151.8599952,132.6128904,115.3330384,108.7088696,104.6069216,95.60815759999998,92.1564684,87.1712624,79.3920552,66.86345920000001,64.42899399999999,60.5547326,58.2410358,51.9998626,49.2992606,42.06774460000001,36.8301908,30.9369852,23.0323884,14.6024684,10.1364564,4.5794316,0.0,0.0,0.0,0,0,0,0,0,0,0.0,0.014631842,0.035124038,0.04310658260000001,0.1362326106000001,0.1766791306,0.7938624886000001,0.7733702926,0.765387748
580222,622,KILu,Kilburn,LU,JUB,NB,Jubilee // NB,4728.66420275505,72.25724960800002,247.6543994,1453.1617768,1470.039541,1010.1081884,475.44304754705,2.427932136,3.437011736000001,6.258377536000001,7.885594800000002,11.154361,11.70916600000001,14.9251974,14.459609,19.4063008,19.0653574,21.1532092,19.8475894,21.038082,18.2140146,18.6451318,17.84599500000001,19.8429558,21.8795864,23.619558,27.096619,31.1228558,33.4184308,35.686947,37.4687112,39.915999,41.6076234,46.70492940000001,49.7102792,55.91825120000001,59.54626660000001,64.5700726,66.4216156,68.848427,69.64989700000001,69.04763299999999,68.85067099999999,69.87294020000002,70.98570920000002,71.66103720000002,73.88043720000002,74.45105620000002,76.65061899999999,85.074364,92.097004,99.99340000000002,105.858776,112.505076,113.866295,120.074709,122.469533,129.700551,133.338635,135.616,133.12977,133.866596,129.6202,120.769608,110.403622,101.107058,92.19610800000002,83.985062,79.46759200000002,76.3701,73.63271999999999,70.81895899999999,68.63536300000001,66.79719960000001,65.92479680000001,63.87821140000001,61.21661539999999,60.65088540000001,58.92508420000001,55.42168220000001,49.8611094,46.45868640000001,33.5162484,22.781183,14.1617898,8.065252000000001,0.0,0.0,0,0,0,0,0,0,0.0,7.327278800000001e-05,0.000300108708,0.000570079168,0.000681898018,0.126351652018,0.12634885955,0.12612202363,0.12585205317
580223,622,KILu,Kilburn,LU,JUB,SB,Jubilee // SB,879.1221012010694,27.353440676,125.2217929,463.5077281,169.2040972,73.99663138000003,19.8384109450694,1.169725774,1.569106414,2.397299614,2.881902674,4.480247599999999,4.61274236,5.093717180000001,5.14869906,5.931880740000001,5.28390738,5.415582180000001,5.924760920000002,6.583231640000001,6.54526844,9.381838600000002,10.9503412,12.9313954,16.7432264,19.4357544,20.0946056,20.9931826,22.7214852,20.1821134,19.0165236,17.1379012,19.5640704,17.8603914,20.861145,22.40764,23.5734904,23.8047904,23.58295720000001,21.1948986,19.6329822,19.7282004,18.4795066,19.0461714,18.2773552,17.68272960000001,16.6230092,14.8763766,14.4325698,15.7174766,16.1107611,16.1772635,15.7780899,16.0911113,14.3376591,14.5953576,15.0462844,15.118337,13.573325,13.699242,12.793074,11.7636676,10.2306858,9.5497878,8.170374800000001,7.381778000000002,6.169500600000001,5.995569000000001,5.843805000000001,5.768574740000001,5.193218660000001,5.24469954,5.18097194,4.70870528,4.78964602,4.49628994,3.703625160000001,3.03685732,2.49623702,1.9795089,1.43809596,1.11516226,0.8115800999999999,0.59288286,0.1679581000000001,0.0,0.0,0.0,0,0,0,0,0,0,1.15811774e-05,2.42473394e-05,2.8527399e-05,3.52502202e-05,3.79069246e-05,3.07076276e-05,2.01291072e-05,1.58490476e-05,9.1262264e-06
560222,624,KBYu,Kingsbury,LU,JUB,NB,Jubilee // NB,2998.293310731183,47.80271632,196.3382084,1010.3845244,864.5936716000001,620.9017694,258.2724206111841,0.70575452,2.40776172,3.62193304,6.237738060000001,7.04366364,9.02842712,8.74147732,10.0159609,10.3202025,12.2335571,12.8751457,14.4277657,15.0318162,15.2905174,16.2138746,17.4859798,19.3463976,19.7984602,20.9297018,22.3847898,23.5093482,24.079076,26.7585408,29.1263736,30.3778894,32.0308812,33.176619,34.63743940000001,36.07892860000001,39.50489020000001,41.686324,46.04805580000001,47.5047286,49.7915066,48.0704662,48.5597408,46.9728702,49.0192082,47.2443088,50.155859,49.8805036,54.7893996,56.7630536,64.61851300000001,65.3600122,71.12512459999999,68.4419792,71.7000112,67.1515092,70.41484860000001,68.06502660000001,75.3141752,72.39046320000001,78.5345692,75.96063920000002,80.13531320000001,73.61183079999999,74.30600580000002,65.99929379999999,65.0504346,57.9775898,53.57302420000001,47.32041640000001,44.5992468,38.7085346,35.32895840000001,33.6588948,30.7675394,27.6781722,28.5171548,27.0725158,26.2036516,27.2639132,27.23607500000001,25.5362052,24.19882740000001,18.872482,12.7659706,8.8051296,3.9589622,0.0,0,0,0,0,0,0,0.0,0.0,0.000185770192,0.000305651852,0.0004682645520000001,0.0005314816580000001,0.05412042165800001,0.05393465146600001,0.05381476980600002
560223,624,KBYu,Kingsbury,LU,JUB,SB,Jubilee // SB,276.5319707500001,5.281268718000001,39.487431442,149.6194174,52.39432702000001,25.026913044,4.722613126000001,0.394857434,0.629091034,0.722156914,0.7942830340000002,0.7355783220000001,0.7760940679999999,0.609623582,0.6195843300000001,0.68018321,1.126596862,1.671326902,2.126071388,2.6241908,3.0478392,3.114087920000001,3.251431660000001,4.381190460000001,5.308880220000002,5.8400588,6.315574020000001,6.40519352,5.66461964,5.530337640000001,5.675846780000001,5.60031218,5.932346580000001,6.368310660000001,6.30980026,6.40861676,7.165632160000001,7.038715160000002,7.52492376,7.642528360000001,7.72697106,6.87177734,6.973553600000002,6.007368280000001,5.568512480000001,5.163015020000001,5.545696480000001,5.213424520000001,5.811811240000001,5.776349960000001,5.69375396,5.16295276,5.64439178,4.90423242,4.708356960000001,4.245670940000001,4.344657460000001,3.91660818,3.98784506,3.7581638,4.02883254,3.87747548,3.81513964,3.61736194,3.42316534,2.926043,2.5179294,2.05618194,1.78597626,1.86129532,1.70449436,1.6613057,1.423557392,1.159969606,0.889632786,0.9567023859999999,0.7126730800000001,0.6813834080000001,0.64007098,0.568112296,0.3890762800000001,0.325469046,0.196749286,0.17248876,0.079887604,0.0,0.0,0.0,0,0,0,0,0,0,0.0,0.0,0.0,0.0,0.0,0.0,0.0,0.0,0.0
350222,635,LONu,London Bridge LU,LU,JUB,NB,Jubilee // NB,18121.54612500815,461.59181404,2185.778934,9352.51255,3724.146432,1701.949536,695.5668589681501,6.73696848,9.28870888,17.14011048,24.6302022,50.0484182,102.9036594,117.607353,133.2363934,152.867068,158.405184,123.205602,133.914798,150.42072,162.790826,172.092264,196.97118,214.404694,222.28189,235.115614,263.309094,291.939128,324.012264,350.760764,380.673224,396.067604,406.0963400000001,410.08095,424.21251,437.2103559999999,446.15908,453.2563700000001,448.5936800000001,438.99915,416.09458,399.8159240000001,375.145774,376.356414,366.68493,365.421974,358.464446,369.9521140000001,369.430628,376.8636980000001,370.220648,371.261152,356.1683480000002,340.740938,319.4291260000001,315.7471920000001,301.221136,296.260942,291.740238,297.118778,288.383108,284.0506400000001,262.024834,244.326358,214.392714,190.026284,163.002472,149.977506,131.528512,120.077418,110.572082,103.730522,96.70464400000002,88.84772600000002,88.76329800000002,92.180408,101.803466,105.582608,107.0196552,95.93070279999999,82.31775080000001,53.47644480000001,31.8685028,16.9016036,8.482318000000001,0.0,0.0,0.0,0,0,0,0,0,0,0.000184055314,0.000384224214,0.0004539045,0.00056179489,0.000603945976,0.0004897456820000001,0.000322849512,0.000253169226,0.000145278836
350223,635,LONu,London Bridge LU,LU,JUB,SB,Jubilee // SB,23673.63916352041,243.45196454,1823.4760456,12058.535382,5540.173048,2972.74343,1035.2592933804,3.48826526,4.5069444,9.5698864,11.7521638,21.66679874,51.11881274000001,63.6097456,77.73934759999999,88.3010084,113.4657928,104.3976508,126.5277268,134.2366268,149.559264,145.300066,159.935548,167.506914,188.171898,206.606494,239.467056,273.304526,308.322048,345.6958600000001,385.898408,425.1043480000001,456.434524,489.8980280000001,522.7242480000001,560.2508780000002,599.7981180000003,625.3675099999999,634.327322,632.034262,617.796112,583.471242,559.536182,541.57143,523.6735,507.13078,489.6847240000001,481.9014720000001,482.32278,503.5309100000001,508.7561700000001,510.22022,506.227966,491.2823980000001,458.3495540000001,450.993526,440.99629,442.318716,446.530196,451.149416,448.2965840000001,458.991586,434.8165960000001,405.895972,368.7539860000001,328.576452,282.887298,264.66272,237.506018,220.35712,202.930436,187.036186,162.987218,157.877156,153.272868,149.294776,143.02254,139.918372,133.531384,117.39511,108.372572,92.81509300000002,68.63157700000001,43.831593,28.393063,9.936271000000001,0.0,0.0,0,0,0,0,0,0,0.0,0.0003863595,0.00067054246,0.00103973474,0.00118704398,0.02885842398,0.02857927798,0.02829509502000001,0.02792590274
560322,649,NEAu,Neasden,LU,JUB,NB,Jubilee // NB,1823.695773923574,37.74182876382,128.28179066,595.5348776000001,466.8094432,397.9661566,197.361677099753,1.00042394078,1.66461972078,3.40146012078,4.069862581480002,6.40210678,6.55741304,7.48139846,7.16454412,8.622936520000001,8.227799220000001,8.525673660000002,10.14933446,11.1843398,11.0420252,11.1472758,11.977798,11.9378532,11.5406124,11.781093,12.1450494,12.972927,12.5482948,13.6086874,14.730489,16.9647626,18.6257306,19.9614268,21.4066236,21.77088860000001,22.5481386,23.7957944,25.7468076,27.4532552,29.4239042,29.1324314,29.2337712,29.1177542,29.2153872,30.12135560000001,30.7183488,31.71521700000001,33.242193,35.3156034,36.16508540000001,37.6705862,37.2367156,37.54889960000001,37.29555660000001,37.1419842,37.5805256,38.3777096,38.50204900000001,38.66996640000001,40.48899680000001,42.0998062,44.1966474,43.6433812,42.0834028,40.2879174,36.341893,32.2786698,32.4164978,31.49057,29.0872948,29.900523,29.5426822,26.17826120000001,24.7150634,24.26123,22.5093122,23.03273140000001,23.5705564,22.3719424,21.6242708,20.017323,15.64141666,11.00199406,7.79430666,4.09103026,1.30447006,0.0,0,0,0,0,0,0,0.0,0.0,3.8661238e-05,8.9532358e-05,0.000109625636,0.035236463636,0.035249036827,0.035210375589,0.035159504469
560323,649,NEAu,Neasden,LU,JUB,SB,Jubilee // SB,421.3454490639999,6.651307444,48.81363694,178.22304648,100.69873874,63.32696694,23.63175252,0.334669698,0.440829738,0.487333412,0.604651846,0.440682906,1.056934226,1.415674346,1.870531272,2.48935326,3.43651088,3.90805204,4.11999238,4.74315808,4.88633448,4.630717519999998,4.19415192,4.4389377,4.09884334,3.99262646,3.87495888,3.917567340000001,3.5174201,3.7454089,4.559522980000001,5.617472640000001,6.598466180000001,7.131010940000001,7.2827023,7.117194300000001,7.103620900000001,7.0757783,7.607951400000001,8.5984923,8.6612881,8.46684462,8.502025620000001,8.89203612,8.122862860000001,8.16025392,8.931097000000003,9.2125088,9.237404000000002,9.98193296,10.1821839,9.9239901,10.1154865,9.9063713,9.16013592,9.60350272,8.99906472,8.26273752,7.704955720000001,7.574353400000001,6.697332360000001,6.47152064,6.27928784,6.231664520000002,6.268266800000001,5.863512920000002,5.421448140000001,5.03903414,5.034739460000001,4.882490499999999,4.93007122,5.091552419999998,5.288855379999998,4.956953980000002,4.31837746,3.94413196,3.1655636,2.4268277,2.03702342,1.93878292,2.0430835,2.23073766,2.12403536,1.66345344,1.26274614,0.5691410600000001,0.2262257600000001,0.0,0,0,0,0,0,0,0.0,0.0,0.0,0.0,0.0,0.0,0.0,0.0,0.0
820322,789,NOGu,North Greenwich,LU,JUB,NB,Jubilee // NB,9772.334726858335,391.2632032,847.5242626,4893.895470799999,2262.122474,1080.1289992,297.4003170583339,17.3289658,27.0007554,30.6796688,47.9779876,51.11022620000001,67.16773359999999,69.699588,80.29827780000002,68.01540920000001,71.01086459999999,61.630396,58.9608234,58.5968682,60.4525708,60.83791680000001,66.22064940000001,74.19561879999999,81.1368598,87.9286518,98.5376338,115.1939998,133.930781,149.9111940000001,171.774322,190.70101,200.750726,202.386404,208.243962,207.227958,208.96441,217.305954,223.055146,223.714206,223.364426,223.290944,218.804374,221.37693,220.890754,224.531324,223.779536,221.979888,222.369744,223.710814,216.636664,213.773038,210.298266,196.923024,185.975924,184.312692,180.606612,177.75396,184.842876,187.716692,184.509114,179.709752,175.700524,164.084288,150.6796612,133.4207072,117.6312452,98.97239520000001,81.8557278,69.89489559999998,64.2425676,56.22523560000001,50.97446240000001,47.9596718,44.1881416,41.28647520000001,39.1198644,33.5566586,30.3172226,28.33700260000001,20.994355,14.4475578,10.3359688,5.016320800000001,0.0,0.0,0.0,0.0,0,0,0,0,0,0,3.0618162e-07,7.647694399999999e-07,3.939566240000001e-06,5.974757440000001e-06,8.039791240000003e-06,7.998454060000001e-06,24.66295753986624,24.66295436506944,24.66295232987824
820323,789,NOGu,North Greenwich,LU,JUB,SB,Jubilee // SB,17046.76497158008,216.50323722,1001.016839,6609.856995200003,5471.526242000001,2753.1448844,994.71677376007,6.207025860000003,9.40749726,17.32969326,21.00092044,32.71044439999999,33.79170360000001,46.7807242,49.2752282,69.9834576,68.76837059999998,81.41939520000001,81.01883520000001,87.2355292,77.10921520000002,79.9497832,78.123816,82.1064432,89.08139320000002,96.5974812,109.6231192,126.6838992,147.75873,166.7674060000001,193.696734,222.151566,240.867572,250.976462,260.555474,265.436006,268.925904,280.487856,290.06017,300.229938,308.2796620000001,308.577128,304.390494,305.7575480000001,310.201178,315.411364,318.996854,329.643796,342.160968,363.790718,388.049568,411.2451820000001,425.024794,439.7577180000001,438.074778,438.267126,447.112188,465.335836,478.875592,492.695518,493.76633,484.9893740000001,456.381806,417.831906,369.8380280000001,322.749586,275.114934,236.186918,209.21587,187.42421,170.404312,158.878882,146.267978,133.4158412,125.8164192,119.8517372,114.9860704,113.6992372,109.0121948,111.1673708,110.184564,102.2256668,85.04057580000001,65.41620300000001,40.06982100000001,18.6448698,4.4166958,0.0,0,0,0,0,0,0,0.0,0.0,9.367686e-05,0.000234755606,0.00027556786,0.000352785112,0.000379602366,0.000285925506,0.00014484676
560122,679,QBYu,Queensbury,LU,JUB,NB,Jubilee // NB,2371.913492786042,61.55620472200002,132.5656132,767.8234158,676.4464624,494.8314636000001,238.690333064042,8.157891674000004,9.247350614000002,9.749126254000002,10.86541228,7.586945580000003,5.38779718,4.95037372,5.61130742,5.536810579999999,8.79534548,8.51776368,10.0532374,11.28551026,13.1123668,11.3183144,11.9058818,12.3602898,12.9251162,12.855099,13.8998778,15.2656232,16.74073000000001,17.9954886,19.1426088,20.7450666,21.4075206,22.239589,22.9578186,24.5355542,25.7359306,28.2184394,30.9858638,32.02932300000001,36.5916972,38.2028224,41.5403056,41.15070679999999,45.83803680000001,42.5477228,44.9388026,41.87262140000001,45.4176508,42.9568938,48.7665992,48.185237,53.0251876,50.72995820000001,55.05703879999999,51.3355894,56.756263,55.4326176,61.0898036,57.95776,63.93926800000001,60.060384,62.8773552,56.90618240000001,57.79014840000002,49.92673520000001,47.9459912,42.12655,39.73461339999999,37.17671540000001,36.52650139999999,33.3839074,31.0100426,31.6465456,30.6575306,28.8732906,26.2540632,25.717093,22.3948378,23.50939240000001,23.2676242,22.8907488,22.725873,19.5408306,11.691357,7.317662400000001,4.5056232,0.0,0,0,0,0,0,0,0.0,0.0,0.00012342446,0.00020294664,0.00031094993,0.0003529639700000001,0.000424316714,0.000300892254,0.000221370074
560123,679,QBYu,Queensbury,LU,JUB,SB,Jubilee // SB,85.28680217499999,1.619220014,14.255421861,38.23575457000001,16.66302283,11.211299468,3.302083431999999,0.065338874,0.14810198,0.14810198,0.14810198,0.1614205290000001,0.168318861,0.221253915,0.558581895,0.887511135,1.081237646,1.21345322,1.373058,1.22354274,1.1652278,1.22720708,1.37369216,1.23912484,1.24956346,1.07388932,1.14791446,1.07305286,1.17534786,1.37791992,1.5849834,1.5458432,1.495572,1.70943332,1.45451234,1.288363374,1.220256494,1.354264454,1.445254714,1.913788834,2.27600664,2.40636468,2.27659984,1.91896402,1.736026,1.5229003,1.41179004,1.50226166,1.68378116,1.44706492,1.41540254,1.34962976,1.30817058,1.088587546,1.078258246,1.004109706,1.499621586,1.507798486,1.53812866,1.57862322,1.8010437,1.412696420000001,1.49635492,1.418546452,1.454234512,1.208750992,1.262736552,1.046405152,1.020689128,0.8170318440000002,0.763719684,0.563796944,0.543828444,0.552050122,0.5595096420000001,0.497605916,0.406787388,0.440482456,0.48532019,0.442504362,0.419743948,0.360057656,0.191766468,0.039718528,0.01809652,0.0,0.0,0.0,0,0,0,0,0,0,0.0,0.0,0.0,0.0,0.0,0.0,0.0,0.0,0.0
350122,784,SWKu,Southwark,LU,JUB,NB,Jubilee // NB,1995.784017433403,72.89490753999999,252.6407768,1047.642469,337.0616393999999,220.8489112000001,64.69531349340264,1.88355362,2.84584152,3.46600076,6.17417376,8.417865699999998,14.53181234,16.76609444,18.8095654,20.0518796,20.8524968,17.2156188,17.9119172,18.9597638,19.3672794,19.9985604,20.9982292,22.195132,24.5082374,24.0117904,26.5698718,30.2550244,36.51068720000001,37.6821416,44.0333012,44.37101920000001,50.9458786,47.7520206,51.38562260000001,48.45794400000001,53.0264292,49.8311444,50.7630064,47.3013998,48.1828464,44.34079120000001,42.046052,40.92234000000001,43.83736320000001,42.9582032,41.90760760000001,40.0769128,39.7108482,36.820863,34.52302220000001,33.56317,33.5824478,31.5031652,28.9758052,28.769816,27.5452086,25.1710076,24.5088994,25.3054422,26.0146258,25.9578284,26.1642232,26.2893486,25.0275234,23.0668346,22.510632,21.9600938,19.972849,17.833749,16.2267726,14.037233,12.069091,10.9538096,10.9009746,10.1741276,9.994546699999999,9.3867919,8.83098558,7.811102099999999,7.0123227,4.8847844,3.474362600000001,2.15529912,0.9666899999999999,0.0,0.0,0.0,0,0,0,0,0,0,1.357002e-05,2.218171460000001e-05,3.401447779999999e-05,3.84275698e-05,4.56943394e-05,3.51449958e-05,0.0013799463012,0.001368113538,0.001363700446
350123,784,SWKu,Southwark,LU,JUB,SB,Jubilee // SB,4527.403631043695,31.301616384,363.86755028,2209.1553734,1089.7011884,646.0022567999999,187.375645779694,0.589695968,1.159461908,1.647723188,3.18050896,4.31086244,5.97068702,6.18182184,8.26085506,9.76848806,12.29975346,14.31125966,17.7677861,21.4496138,25.9145564,29.9824148,36.49176920000001,42.75653240000001,47.7174756,49.76171360000001,55.6461872,58.46351660000001,64.9961782,68.3228108,77.480192,82.173546,91.5330832,91.5270352,98.2044132,99.1166172,106.4006972,102.7286772,107.2930192,102.409798,106.3486948,97.75751679999999,97.06645879999999,92.1429048,100.307979,92.180455,94.6545802,91.677759,96.468225,91.261904,98.63931200000002,97.1080928,101.1647808,95.1605568,96.0532836,87.94561240000002,90.52563640000002,87.09840960000002,93.2098436,88.19971799999998,90.1977952,82.16561120000001,80.87184800000001,69.440688,65.1021862,58.4431042,59.1756662,56.65050340000001,58.4220644,56.568849,54.742431,48.6977938,44.0217018,38.1018254,36.63544340000001,32.4964258,31.3521158,28.722145,26.051525,20.9099542,18.8132562,12.99766126,8.18161206,4.864439460000002,2.49190026,0.4895778599999999,0.0,0.0,0,0,0,0,0,0,0.0,3.115201e-05,6.589857799999999e-05,7.772965199999997e-05,9.6710098e-05,0.000104722459,0.001579330369,0.001544583801,0.001532752727
60122,696,SJWu,St. John's Wood,LU,JUB,NB,Jubilee // NB,4231.12128560064,48.91489087704001,471.22248082,1927.6887266,1025.81079,550.4434630000002,207.0409343036,1.69726942568,2.90363034568,4.23137902568,5.783786599999999,6.39477132,9.003079800000002,8.64318742,10.25778694,15.37331274,21.06584094,24.67579814,31.722013,38.75523079999999,40.962428,41.8572514,44.275819,48.1524388,51.7984228,54.4095682,58.17435699999999,63.1717314,65.6463354,64.9667294,66.28450000000001,67.91814120000001,67.06750219999999,66.35769300000001,69.30683300000001,71.882497,77.427963,85.05975200000002,89.70645999999999,92.34895200000004,94.945218,93.00502300000002,88.506561,85.74197820000002,84.14780019999999,82.8279662,83.392256,84.569047,87.9555638,94.21466579999999,101.2375578,101.894735,100.682847,96.186945,92.351567,87.74009900000001,83.35150900000002,83.42178200000002,83.096304,79.28369599999999,75.04392800000001,74.110974,68.646404,64.96784,59.88529000000001,53.12728600000001,48.07515800000001,47.01916660000001,46.39828740000001,44.19044600000001,42.97017960000001,41.02365500000001,37.2748958,33.94533300000001,31.5659256,30.8356774,31.8459412,30.7792466,28.4222242,25.8807974,22.0901938,15.766769,10.6007622,6.6054306,3.2661422,0.9367544,0.0,0.0,0,0,0,0,0,0,0.0,0.0,0.0007528037200000001,0.00094817334,0.0013261344,0.00144358134,0.00274186262,0.0019890589,0.00179368928
60123,696,SJWu,St. John's Wood,LU,JUB,SB,Jubilee // SB,1061.079680790001,28.76206016,205.00925576,563.9654570000001,166.278722,78.21436308,18.84982279,0.46666188,0.90079922,1.31723666,3.10938886,4.17370248,5.061602580000002,5.31057596,8.422092520000001,10.72886192,14.42979192,16.56642692,18.6065714,18.3686968,18.1997282,15.765443,15.8050214,17.495953,18.9313376,19.5405906,20.570833,22.3579308,22.3296242,21.8374126,21.9003654,22.31701480000001,21.52874580000001,22.3499388,23.4802576,24.7419636,25.575861,25.8952912,25.2588684,25.3660308,24.7053642,24.9759772,24.7066298,24.6504706,23.9170306,23.3662372,22.7683442,22.8189312,23.1260868,22.5705258,21.4205544,20.022422,18.6131318,17.1179884,16.0449964,14.5868612,13.6450358,13.073289,11.831304,10.940698,10.9593758,10.0749853,9.3686343,9.634569699999998,9.5774653,8.46645702,8.60283902,8.042973219999999,6.85941022,5.74164582,5.603926700000001,4.78160234,4.15740548,3.627205280000001,3.11886298,2.94416206,2.80427296,2.904745080000001,2.59837988,2.299359,1.80329937,1.29206313,0.70971607,0.37939067,0.14348805,0.0,0.0,0.0,0,0,0,0,0,0,0.0,0.0,0.0,0.0,0.0,0.0,0.32364884,0.32364884,0.32364884
590122,714,STAu,Stanmore,LU,JUB,NB,Jubilee // NB,3281.931297634399,57.86666954956,225.9966422799999,1222.7057488,943.4423110000001,611.3583807999998,220.561545204838,1.86750898652,3.548846186520001,6.405779786519999,7.23815997,9.8573084,9.13320274,10.54123834,9.27462514,11.86180694,11.78007274,13.3015378,15.101498,17.1543756,18.3772982,20.4864694,22.5116644,22.288954,24.1665694,24.2998068,24.666589,25.7486576,26.7865242,27.69809,31.3300598,34.7194106,37.8084228,41.82936460000001,44.81011740000001,46.81217839999999,50.38538800000001,50.8779286,54.52065160000001,55.13745419999999,59.1286282,57.626363,61.61485900000001,60.3696496,64.157901,59.4412056,61.56507420000001,61.3611262,65.6504556,67.0091596,76.317079,84.92517000000002,85.537474,87.43570720000002,84.25937420000002,80.5005842,75.1791742,75.8640582,72.02079900000003,73.71267399999999,74.482174,73.393736,76.13138599999999,73.41857200000003,74.1248628,67.30142679999999,63.8008068,55.41554179999999,51.85448179999999,46.536085,43.029298,39.8911224,36.3046714,32.479334,27.202178,26.7109782,22.595698,19.3939862,19.75384600000001,20.197065,19.3820198,19.84764340000001,21.7952686,18.6943828,14.4479938,10.0810218,5.53338,1.6270106,0,0,0,0,0,0,0.0,0.0,0.0,0.000178993726,0.000232732302,0.000316028134,0.166900748134,0.166900748134,0.166721754408
110523,719,SFDu,Stratford,LU,JUB,SB,Jubilee // SB,55646.9819483735,744.1840178,3288.6603218,20201.48860800001,13789.32588,10136.366656,7486.956464773501,48.84519459999999,73.31365459999998,82.69080539999999,94.7392262,93.8293722,110.6974408,96.85354740000001,143.2147766,126.1704546,154.8626266,194.4243306,234.1368180000001,238.404974,283.0442020000001,296.1340320000001,301.1834520000001,341.1109120000001,359.767776,359.342916,400.077828,437.423724,452.9346380000001,486.5555639999999,537.8618980000001,579.742774,608.5269139999999,654.8729860000001,693.6034599999999,757.5163600000002,786.39998,845.4095800000001,896.582892,945.244232,969.250682,998.5436140000003,999.7937420000003,1005.54377,1010.29479,1014.44548,1036.637428,1075.0004,1074.6497,1137.74652,1196.90748,1243.67148,1240.10434,1278.95326,1246.79932,1237.60664,1170.8224,1131.09862,1103.8196,1062.52661,987.56425,1012.20217,1074.15719,1058.80321,1056.12815,1041.986542,965.66451,852.0350820000001,787.9160139999998,746.128504,732.292912,723.3600759999998,722.1366440000003,721.396252,728.5187599999999,783.3688400000001,800.5125879999999,813.899348,848.6120880000001,777.3571440000001,669.882524,636.6432920000002,673.3503380000002,498.5869980000002,413.104954,315.485314,191.718066,0.0,0,0,0,0,0,0,0.0,0.0,0.0021688166,0.0037961821,0.0112179275,0.0262076115,21.4658484115,21.4636795949,21.4620522294
231022,723,SWCu,Swiss Cottage,LU,JUB,NB,Jubilee // NB,3668.540345012573,33.4859001092,249.0944582,1327.2553114,1089.7066116,669.3955654,299.602498303372,1.0396269364,1.2329571964,2.0308849164,2.59269534,4.57590416,5.201507100000001,7.73186464,9.080459820000002,11.3634307,13.4007527,16.7384525,17.6423679,20.5441852,22.3156374,23.3706238,23.049289,24.6335286,24.5068504,25.498892,26.030448,30.4540034,33.9853414,36.7016104,39.09255820000001,40.34183179999999,39.50775479999999,38.3010714,39.856306,44.76322800000001,51.263446,54.81743160000001,59.31537100000001,64.4053506,63.1448436,62.4378382,63.325467,67.1937814,65.67211160000001,67.55059659999999,66.9822532,70.49165260000002,69.81610540000001,76.6414312,81.193926,88.12378480000002,89.48224800000001,91.744158,90.0910548,92.564762,91.23568399999999,92.556536,93.4696392,94.0729312,90.9699192,90.2083122,85.18758220000002,79.95393179999998,73.8562338,66.9144206,59.6033096,55.14141720000001,52.65313979999999,49.3530598,48.35058239999999,47.3724044,46.91504680000001,44.85786600000001,44.42415320000001,42.6341018,41.68282540000001,42.14408940000001,39.98933779999999,35.8065726,31.4870416,26.9788464,17.6803484,11.2119914,6.689257400000001,3.2950244,0.0,0.0,0,0,0,0,0,0,0.0,0.000181482174,0.000296770608,0.0004509978880000001,0.0005100663360000001,0.0006085262960000001,0.0004662214060000001,0.0003509329720000001,0.000196705692
231023,723,SWCu,Swiss Cottage,LU,JUB,SB,Jubilee // SB,1006.323112834246,26.8965412821524,190.8787246,468.027912,197.6474584,94.76437600000001,28.1081005520936,0.2141192460508,0.7973278060508001,1.2039891660508,2.519162696,3.591035988,4.94650762,6.06241886,7.5619799,9.8270899,10.3623585,11.3561112,11.7916396,13.9355636,15.1908596,17.475733,18.5640984,20.39713900000001,20.9448094,20.383035,20.6502874,21.447748,21.9808206,21.4330888,21.1962502,20.9123886,19.8939914,18.4039254,17.6680664,17.4748978,17.7441526,18.7629734,19.811529,20.1639938,20.2091294,19.739101,19.6859734,20.417201,20.8587322,19.9876286,19.0785282,18.69781720000001,17.722539,17.3965898,17.3408462,17.9494018,18.1383004,17.9120762,17.81649819999999,18.4948372,18.9230356,17.193595,16.2369702,15.170188,14.2607062,12.8750788,12.6767708,12.5026076,11.5700554,10.8137308,9.8411839,9.054632699999999,7.67005796,7.15687236,6.08859184,5.45009306,4.929035860000001,4.79347506,4.89403946,4.81888838,4.7491892,4.51386906,4.24938008,3.2994187,2.68081728,1.83539634,1.21092988,0.5373662000000001,0.21258838,0.0,0.0,0.0,0,0,0,0,0,0,1.3622889e-05,2.24109244e-05,3.4180186e-05,3.871029000000001e-05,4.602612e-05,3.537160679999999e-05,3.15995682e-05,1.98303066e-05,1.53002026e-05
310122,747,WLOu,Waterloo LU,LU,JUB,NB,Jubilee // NB,22798.048762566,914.7171569999998,2547.84344,12040.732268,4504.367448,1967.42166,822.9667895660001,25.237679,43.31801900000001,97.60354699999999,128.751435,138.721813,162.860472,174.756166,143.468026,139.064702,141.020218,134.792986,138.209292,156.352078,169.848214,190.260928,227.633388,267.965208,300.54885,320.805314,361.342262,394.506216,415.631024,430.1178400000001,481.7914740000001,512.535784,534.1573179999999,544.0285100000001,576.347284,573.2935480000001,581.7709880000001,577.25652,579.2454799999999,566.6849460000002,558.091964,524.670268,508.3488840000001,497.150616,477.8971980000001,453.362652,452.4273620000001,446.3889160000002,444.89853,451.806656,458.32229,448.7248480000001,434.851148,412.527842,389.643734,378.41081,367.512444,359.393564,358.0027940000001,357.639062,347.6699700000001,335.949458,314.041774,287.035858,251.314128,216.940978,190.574608,177.027908,161.761616,144.581794,131.983646,119.29873,102.48547,91.478918,92.93800600000002,94.933039,96.089517,102.14284,105.9390732,100.4620832,106.6164582,84.5391522,62.90200320000001,42.07814000000001,26.62185400000001,0.0,0.0,0.0,0,0,0,0,0,0,0.004696958,0.019256852,0.033010293,0.039873624,0.0516530352,0.08870929520000001,0.1465999072,0.1328464662,0.1259831352
310123,747,WLOu,Waterloo LU,LU,JUB,SB,Jubilee // SB,7588.1674801724,338.4837561000001,734.3261276000001,3459.200372,1836.1968352,843.0988212000001,376.8615680724,2.76733166,6.746147860000002,50.09257986000001,56.07062726000001,59.86345306000001,66.401996,66.06117420000001,30.48044620000001,33.06410320000001,36.4850284,38.25304680000001,46.69344360000001,49.77654960000001,53.4106012,58.59207579999999,66.5058708,75.8845676,85.6393276,89.775074,100.246439,107.1030038,113.4194158,113.6412498,131.0329718,135.7320668,144.903536,142.875366,155.769722,150.982264,154.100122,154.477316,160.654154,158.843812,163.2573420000001,159.110206,153.350752,148.900252,144.470366,135.154258,136.343708,134.65333,144.82002,152.803088,162.80205,161.875546,163.799404,157.39987,156.1374080000001,156.8550880000001,160.533802,159.9216300000001,158.181262,151.200622,145.29258,136.43112,128.5685032,115.0201712,103.2835102,87.78373320000001,79.59361720000003,74.32571200000002,70.35908400000001,65.021033,60.122696,53.1385046,47.40152860000001,44.13638200000001,42.9128492,42.4664372,43.3887874,42.4061388,41.4204094,42.1193302,44.9015716,40.915358,33.1295846,25.3969646,15.7767906,4.808753200000001,0.0,0.0,0,0,0,0,0,0,0.0,0.0050014008,0.0113576448,0.0132625506,0.0187884526,0.023829103,0.0246069048,0.0182506608,0.016345755
570522,752,WPKu,Wembley Park,LU,JUB,NB,Jubilee // NB,6248.712396985858,183.96827366,427.1041250000001,2382.043286,1610.949572,1091.9332034,552.713936925858,5.090521799999999,9.457643,17.970494,21.86575706,30.6824894,32.463012,36.0915488,30.3468076,32.6862744,32.1435682,30.9985432,29.4454432,32.6204608,31.92237500000001,29.7360514,34.07709240000001,37.4440376,42.1108734,44.907087,49.0123184,50.49654340000001,53.2315882,56.00121780000001,64.3933592,72.13334080000001,80.68513880000002,87.91466280000002,96.1614632,101.309122,107.23231,114.927084,118.944995,123.5265578,120.692701,118.663951,109.593529,107.787942,100.9798548,104.9633228,104.2874068,113.7745308,115.5252528,127.712938,131.104474,138.367306,131.96589,135.730146,128.554412,131.384606,126.41303,135.223766,131.336728,138.863,133.701932,141.742586,137.66617,140.182752,125.631694,120.903454,105.41648,93.37585,81.707418,78.29823200000001,72.447478,70.26311500000001,69.96694400000001,67.92079000000001,65.8189964,63.8266904,60.49639640000001,59.529324,58.3377716,55.17219160000001,56.2701656,56.1044094,50.1887818,38.9640022,30.2535278,17.1842778,6.383215,0.0,0,0,0,0,0,0,0.0,0.0,0.0001428500280000001,0.000380198348,0.000466644828,0.0006406494880000001,0.0006920105140000001,0.000549160486,0.000311812166
570523,752,WPKu,Wembley Park,LU,JUB,SB,Jubilee // SB,2541.608391960001,60.96370746,419.6832074000001,1336.2112022,457.7795060000001,206.2363071,60.7344618,3.297716,4.1717044,6.619038600000001,6.826659660000002,8.204770400000001,6.694335200000001,11.13554,14.0139432,19.4170576,21.31751280000001,28.055096,30.32421280000001,32.1091848,34.09636320000001,40.29906440000001,41.755672,42.5406186,43.0323446,43.903517,42.8325636,43.9525176,45.551663,48.3470006,50.0187136,52.61296900000001,55.33395839999999,57.4315524,57.9786014,59.68524300000002,62.71535300000001,63.96116360000001,64.5679848,66.25862420000001,64.73525160000001,62.63980700000001,59.166307,56.87789180000001,53.4924778,54.1787788,51.1481186,49.9522646,50.4920836,53.32476020000001,51.7881166,51.68270140000001,50.9998902,48.4886124,43.2785798,39.0473154,34.8731782,33.2819902,32.3193842,32.3033556,31.1110914,31.6717972,28.72161,27.8480924,24.0867932,23.1898284,20.50350820000001,20.2718396,15.955851,15.3621348,13.5656508,13.246649,11.2676654,11.0663148,9.871979500000002,9.554962780000002,8.163862980000001,7.19972586,6.76956826,6.23463176,5.96002008,5.636953080000001,4.7138568,3.084534,2.3121584,1.1041878,0.0,0.0,0,0,0,0,0,0,0.0,0.0,0.0,0.0,0.0,0.0,0.0,0.0,0.0
110922,757,WHMu,West Ham,LU,JUB,NB,Jubilee // NB,3429.400397586369,10.7923035,224.80267272,1454.6581008,962.4671784,626.4775426000001,150.202599566369,0.4329374700000001,0.469447484,0.7689896440000001,1.198609544,1.318714444,1.480409834,2.39372642,2.729468660000001,3.050705,5.63582532,8.176267200000002,14.9769986,17.03293,22.015176,23.84669420000001,27.49743,23.8378938,27.31355760000001,25.47921,25.939985,26.1198216,25.6267102,25.8013016,31.6481372,33.0129656,37.28175039999999,43.3092924,46.30716940000001,47.4794624,53.13092579999999,56.015449,59.5739718,66.8903198,72.74401379999999,76.2378052,77.3327952,81.574664,83.24937600000001,81.88278600000002,81.96078100000001,85.91178300000001,88.0590438,87.10608979999999,86.40168580000002,84.42219880000002,80.9894788,77.356146,74.45588000000002,73.94740200000003,75.77611,79.65074520000002,82.06140320000002,84.1244872,85.57059000000002,85.801976,78.3107612,74.7700332,71.4635304,63.3297864,58.4773884,53.4816494,48.9363204,45.5717472,43.875708,44.8972916,43.26717840000001,40.3660174,38.0408918,37.82960379999999,28.860929,25.3467724,19.763736,12.97586448,7.204560879999999,4.225062080000002,2.53637448,0.7561988799999999,0.0,0.0,0.0,0.0,0,0,0,0,0,0,0.0,3.782643200000002e-05,3.785648048000001e-05,5.922733248000003e-05,7.453815768000002e-05,2.67585573815768,2.675817936919206,2.675817906870726,2.675796536018726
110923,757,WHMu,West Ham,LU,JUB,SB,Jubilee // SB,8789.897021700159,109.06080139202,844.7384268,2847.914411,2265.556538,1810.07667,912.5501745081422,0.5305894773400001,2.55403927734,3.13393327734,8.37746856,16.0540542,20.7569954,22.5057346,35.1479866,41.4544782,45.251357,54.08109180000001,68.88420180000001,68.6730278,74.49635819999997,76.820553,81.98868099999999,79.852766,85.510818,82.372716,85.35237800000002,82.52153719999998,83.5676162,83.09245419999998,86.30831020000002,87.83891919999998,92.623536,94.838735,97.45370300000002,101.746956,110.608221,116.303199,121.005135,124.938927,129.657334,129.033208,129.152678,133.278032,135.093586,137.756042,138.099164,144.439566,153.72805,164.935194,169.894308,176.074386,177.985522,175.152356,172.668456,172.409636,177.244052,185.306454,193.502362,201.189628,209.48021,216.727712,207.815764,196.793194,189.497856,175.795348,162.634812,154.804826,148.052932,139.294434,136.89597,131.159974,128.760736,124.02766,122.358928,118.199088,114.005132,110.87104,110.260408,104.082978,102.3964392,87.37502120000002,70.07890940000001,50.0179034,30.9492154,10.7793942,3.533888200000001,0.0,0,0,0,0,0,0,0.0,0.0,4.747944400000001e-05,7.8610958e-05,0.000121381266,0.000138205338,0.000165973846,0.000118494402,8.7362888e-05
230622,758,WHDu,West Hampstead LU,LU,JUB,NB,Jubilee // NB,6262.990898806199,34.41623387600001,333.851759,2511.974097,1876.401304,1101.8341232,404.5133817302002,0.93351865,1.17399235,1.94267541,2.931646366,4.543408680000002,5.38706696,7.32218986,10.1817356,11.8207186,15.445313,18.4158104,20.2265178,21.9534678,26.1740166,25.89160720000001,28.5848918,34.996727,38.8130122,42.9429576,48.586719,56.46584180000001,58.52226120000001,64.6269752,68.96440580000001,78.6088448,81.06743879999999,84.67059219999999,91.1724782,98.904067,105.110652,112.341138,123.494646,125.23722,128.00173,122.814148,121.939034,117.213216,119.759978,116.181096,117.7617452,116.6972492,124.9426952,132.4676812,145.0089632,151.665716,162.661068,164.004252,163.511686,158.450004,159.663076,157.239674,157.44731,152.875416,152.869072,150.844802,145.169228,133.844442,122.682083,112.443669,100.2929582,91.8971922,88.5232182,85.75222720000002,81.23921320000002,79.08557200000001,73.79877859999999,67.38718940000001,64.8875802,62.96645820000001,58.6006902,56.24744460000001,54.22601659999999,49.02482660000001,40.7322318,33.5631656,23.7903866,14.64049580000001,7.746719000000001,2.9742138,0.0,0.0,0,0,0,0,0,0,0.0,4.933981200000002e-06,4.748938920000001e-05,9.683906919999999e-05,0.0001141562432,0.0001461420452000001,0.0001526099894,0.0001100545814,6.070490140000001e-05
230623,758,WHDu,West Hampstead LU,LU,JUB,SB,Jubilee // SB,1376.90479627,30.871146752,143.44075928,814.1612868000001,245.2894056,117.0764434,26.06575443800001,0.7214384079999999,0.9635450879999999,2.149526748,3.066270108,5.23569638,5.727806420000001,6.713249000000001,6.293614600000002,5.80029,4.70852572,5.4791019,5.63826724,6.708294980000002,8.300425180000001,9.762202860000002,13.7055138,16.9075916,19.1077118,22.2725352,25.050299,26.0777196,27.1008912,31.713366,32.330573,35.18563740000001,36.35547680000001,38.84157879999999,36.755118,36.6122986,37.72327420000001,37.08780820000001,37.435179,36.6577474,40.7040854,37.08829360000001,38.15249720000001,34.1853154,36.15022860000001,31.4234442,31.30501959999999,27.3567152,31.4658482,27.9583096,28.4948616,27.2595552,28.6658122,22.9617298,23.601183,21.0502038,20.556984,17.9696694,18.5806104,16.1866632,16.906614,15.8784992,15.6718814,14.1712426,14.0692588,11.4010583,11.8772841,10.5405141,10.1838991,9.763535300000001,9.47478466,7.590839260000001,6.886547060000002,6.17427616,4.94320396,4.61739124,4.04484244,3.8407912,3.660237720000001,3.398627980000001,2.674657564,1.798224764,1.282456004,0.538287584,0.065358924,0.0,0.0,0.0,0,0,0,0,0,0,0.0,0.0,0.0,0.0,0.0,0.0,0.048293006,0.048293006,0.048293006
20922,761,WMSu,Westminster,LU,JUB,NB,Jubilee // NB,13311.01299351102,169.54393288,1589.0992744,7576.687551999999,2525.499932,1077.4906292,372.691673031022,1.89723546,4.68647346,5.89038496,15.8808953,21.1217919,32.1164747,34.1048983,53.84577880000001,66.99842620000001,79.18097440000003,85.89982940000002,101.548567,103.298073,104.445929,117.5837182,133.7860872,161.348736,184.853314,211.795,238.36062,274.579924,294.237136,318.523104,339.10234,356.170894,356.65877,355.9176740000001,348.3581660000001,347.6396900000001,342.31958,344.248914,339.914038,340.109186,329.85459,320.5984180000001,302.358496,297.6979800000001,290.358536,284.184388,277.290096,281.06116,279.797194,281.824924,273.882354,271.084502,255.717848,244.596408,224.996052,221.232202,205.893222,200.643054,188.746288,189.2999,180.544188,178.608428,164.13784,158.9492,140.864498,123.991344,105.20203,97.632614,84.31415720000001,74.66990279999999,68.0540988,63.8848788,58.22960760000001,51.50417880000001,50.1941192,50.52905120000001,52.04657020000001,50.56181820000001,50.64414179999999,45.14232380000001,42.38760120000001,30.15631620000001,21.3706694,12.8932714,8.672079400000001,0.0,0.0,0.0,0,0,0,0,0,0,8.024252799999999e-06,1.3123675e-05,1.99584186e-05,2.25809192e-05,2.6776478e-05,2.043938320000001e-05,2.762578539961,2.7625717052174,2.7625690827168
20923,761,WMSu,Westminster,LU,JUB,SB,Jubilee // SB,6341.17413495824,79.76749826560001,844.198434,3650.642275600001,1158.4525732,472.4280440000001,135.6853098926372,0.7234319751999999,2.2906597752,3.2848141752,6.214658940000001,9.360211999999999,16.2915362,17.40468580000001,24.19749940000001,34.7557432,46.94233420000001,48.250425,53.9332824,60.27373040000001,59.89979440000001,57.84505120000001,69.23392480000001,85.712278,96.5180468,105.9032228,124.9306008,138.9077928,147.3283508,155.5391,167.2127,174.97001,177.624914,174.533054,174.905136,176.064614,167.486292,166.613522,166.957008,162.900644,155.381848,151.094194,140.668486,138.188146,133.70636,130.678356,127.327358,126.562682,129.154342,132.886636,133.95073,132.215812,127.553856,118.542362,110.638539,102.2772542,94.110177,89.63314100000001,83.4322262,78.47708399999999,75.08100400000002,75.37009520000002,71.12102259999999,66.27502940000001,58.12037160000001,51.82836720000001,44.12668060000001,40.610894,36.45825120000001,34.9059636,32.3280934,30.9454716,27.4451262,25.77351980000001,23.61027540000001,21.9194166,19.8900878,19.0222084,17.6214352,15.8299772,14.449534,11.38550672,8.029470719999999,4.687803120000001,2.49825612,0.33780152,0.0,0.0,0,0,0,0,0,0,0.0,0.0,1.037143e-06,1.156620386e-06,1.876484486e-06,2.415988186e-06,0.004602733388186,0.004601696245186001,0.0046015767678
580122,765,WLGu,Willesden Green,LU,JUB,NB,Jubilee // NB,4919.671565207824,56.07703518438,191.969918,1454.512146,1520.29705,1126.593847,570.221569023444,1.52024384146,3.43472744146,4.236581441459999,7.192908259999998,8.071545,10.4296752,9.692407800000002,11.4989462,10.3931054,12.8404274,12.5469494,13.7984528,14.1274888,16.1650666,15.453299,16.848241,17.4796118,19.798538,20.544489,21.9742488,23.4156858,25.9917264,26.2465096,28.8070348,32.45187180000001,36.136139,39.27699920000001,43.44772640000001,48.33558840000001,52.2336262,57.02467620000001,64.59367100000001,70.86283,74.68410800000002,75.81259220000003,76.58320379999999,76.2940828,76.7093848,77.16918879999999,80.3932138,83.35625900000002,86.62458400000001,95.06271800000002,102.998726,109.036608,113.668348,119.00206,117.422636,120.440212,123.030156,126.68188,130.182894,137.232366,138.588714,142.147376,142.8638,135.836858,124.032566,113.262093,101.450495,91.794025,86.726961,84.95091500000001,82.13378,80.97934900000001,77.98021700000002,74.58568600000002,72.86090200000002,72.654256,71.415163,70.480726,70.731139,67.466245,62.68326400000001,54.1048434,42.7599118,29.8381198,18.13362780000001,8.0370588,1.9130914,0.0,0,0,0,0,0,0,0.0,0.0,0.00040496318,0.0005215765120000001,0.0006984438120000001,0.0007686625080000001,0.0008853057080000002,0.000480342528,0.000363729196
580123,765,WLGu,Willesden Green,LU,JUB,SB,Jubilee // SB,725.110992902862,25.694643648,99.00248216,343.0164714,146.9579142,83.7680946,26.6713868948618,1.020121102,1.288374022,2.375185562,2.510642602,3.8580476,3.89664568,5.207034760000001,5.538592320000001,7.29714158,7.00019428,7.800539200000001,7.7641068,8.051798300000002,7.456782100000002,7.65912746,7.56723586,8.130488660000001,9.04750486,10.05679026,11.1707728,11.9719582,12.7695246,12.7940186,12.2219134,12.6296648,13.0820892,13.0799014,13.6385266,13.9958118,13.6234382,14.2717178,14.7475018,15.7514308,16.477422,17.1358108,16.9044324,16.682466,15.67768,15.1098966,14.3154978,14.3362128,13.6691216,13.9842672,14.146167,14.956998,14.896866,15.076506,13.9578652,12.9260986,12.086446,11.2295132,10.6849866,10.4891672,10.5510674,10.2360896,9.866310400000001,9.431861999999999,8.49902552,8.18431924,7.57575684,7.122148320000001,6.75614598,6.82627446,6.3056892,6.09642606,6.013991580000001,5.670999720000001,5.28545568,5.34972382,4.653843640000002,4.15417538,3.67994588,3.28036392,2.18834672,1.74330244,1.0631991,0.5581904000000001,0.0,0.0,0.0,0.0,0,0,0,0,0,0,1.6122234e-05,3.3708334e-05,3.96310308e-05,4.89137492e-05,5.25744992e-05,4.24811302e-05,2.77639988e-05,2.184130200000001e-05,1.25585836e-05
